Observation date,barometer_7am,barometer_2pm,barometer_9pm,attached_thermometer_7am,attached_thermometer_2pm,attached_thermometer_9pm_0,barometer_corrected_7am,barometer_corrected_2pm,barometer_corrected_9pm,barometer_corrected_mean,open_air_thermometer_7am,open_air_thermometer_2pm,open_air_thermometer_9pm,open_air_thermometer_mean,force_of_vapor_7am,force_of_vapor_2pm,force_of_vapor_9pm,cloud_amount_7am,cloud_direction_7am,cloud_velocity_7am,cloud_amount_2pm,cloud_direction_2pm,cloud_velocity_2pm,cloud_amount_9pm,cloud_direction_9pm,cloud_velocity_9pm,wind_direction_7am,wind_force_7am,wind_direction_2pm,wind_force_2pm,wind_direction_9pm,wind_force_9pm,rain_and_melted_snow_hour_began,rain_and_melted_snow_hour_ended,rain_and_melted_snow_amount,dry_bulb_7am,dry_bulb_2pm,dry_bulb_9pm,wet_bulb_7am,wet_bulb_2pm,wet_bulb_9pm,relative_humidity_7am,relative_humidity_2pm,relative_humidity_9pm,daily_weather_remarks,transcriber_comments,
1855-09-01,"29.890","29.865","29.750","55.90","70.20","74.80","29.819","29.751","29.623","29.731","47.00","60.15","55.20","54.12","287","379","372","3","North-North-West","3","10","West","4","10","South-West","4","West","1/2","South-West","4","South-West","1/2","12 A.M.","Empty","Empty","46.00","59.00","55.60","44.50","54.90","53.15","Illegible","75","84","Commenced raining a little at 1/2 past 11 A.M. – showering",
1855-09-02,"29.488","29.386","29.450","66.00","62.60","68.40","29.388","29.276","29.363","29.336","64.50","70.15","61.00","65.22","592","654","301","10","West-South-West","3","9","West-South-West","3","10","West","9","West-South-West","2","West-South-West","4","West","1","Empty","Retracted","0.80","64.50","70.15","63.10","64.20","67.80","61.00","58","89","88","Showering – at 8 P.M.    rains fast",
1855-09-03,"29.570","29.627","29.700","65.00","60.80","68.38","29.473","29.542","29.596","29.536","52.30","57.15","53.00","54.48","296","275","301","5","North-North-West","4","7","North-North-West","3","8","North-North-East","3","North-North-West","3","North-North-West","3","North-North-East","2","Empty","2 A.M.","Empty","53.00","56.50","53.00","49.10","50.00","49.20","74","60","75","Fair weather",
1855-09-04,"29.721","29.720","29.830","61.20","67.35","69.60","29.668","29.615","29.718","29.667","50.10","61.10","56.20","54.13","287","283","299","Illegible","North-West","1","1","North-North-East","3","0","Empty","Empty","North-West","1","West","2","Empty","0","NA","NA","NA","49.80","60.00","52.80","47.10","52.00","49.10","80","54","75","NA",
1855-09-05,"29.862","29.831","29.843","60.00","63.25","67.38","29.769","29.728","29.738","29.748","50.00","70.00","59.20","59.73","192","305","279","0","Empty","Empty","1","West","1","6","West-South-West","3","North-West","1","West","2","West-South-West","3","NA","NA","NA","49.00","69.20","59.20","43.00","57.10","51.80","54","43","55","Prospect of showers at 6 P.M.  2 inch   clear at 11 P.M.",
1855-09-06,"29.840","29.871","29.925","62.15","64.50","71.50","29.748","29.774","29.807","29.776","57.70","64.00","52.25","57.98","357","326","279","1","West","1","1","North-West","1","0","Empty","Empty","West","2","North-East","2","North-East","2","NA","NA","NA","57.10","63.85","52.24","53.30","55.30","48.00","76","55","72","NA",
1855-09-07,"29.920","29.820","29.700","60.00","62.50","64.86","29.837","29.733","29.603","29.724","52.50","64.35","59.60","58.82","286","437","403","5","West-South-West","4","2","North-West","1","2","South-West","1","East","1","South-West","1","South","2","NA","NA","NA","52.20","64.00","59.80","48.30","59.20","56.00","73","74","79","NA",
1855-09-08,"29.480","29.465","29.525","65.95","68.90","65.00","29.280","29.357","29.428","29.388","64.00","72.45","62.00","66.15","484","359","422","3","West","3","4","North-West","4","1","Empty","Empty","West","3","North-West","4","Empty","0","1 A.M.","2 A.M.","0.10","63.70","71.90","62.50","60.50","60.00","57.90","82","46","75","Shower at 1 A.M.   Very fair",
1855-09-09,"29.560","29.437","29.374","65.20","68.36","71.50","29.442","29.330","29.258","29.343","54.80","75.15","69.00","68.32","366","532","603","1","North-West","2","3","West","4","2","North-West","2","0","Empty","West","1","North-West","1","NA","NA","NA","54.80","74.15","70.00","52.50","66.10","66.50","85","63","83","[illegible]... occasional drops of rain... [illegible]",
1855-09-10,"29.421","29.440","29.541","67.80","66.00","68.80","29.316","29.240","29.433","29.363","60.10","68.00","61.00","63.03","368","377","389","5","North-West","3","3","North-West","3","5","North-West","3","North-West","3","North-West","2","North-West","2","NA","NA","NA","59.90","67.10","61.00","55.00","58.60","56.21","71","57","72","Very fine weather    Aurora",
1855-09-11,"29.544","29.540","29.580","64.50","66.10","68.30","29.448","29.440","29.473","29.454","57.10","74.00","60.50","62.87","399","416","425","2","North-West","3","1","North-West","1","1","North-West","2","North-West","2","North-West","2","North-West","2","NA","NA","NA","56.50","70.80","60.50","54.40","61.35","57.20","87","55","81","Very fine weather    Aurora",
1855-09-12,"29.594","29.520","29.500","64.90","74.00","74.10","29.497","29.397","29.376","29.423","61.00","79.00","71.10","70.37","393","485","588","1","North-West","2","5","West","3","1","West","1","North-West","1","West","4","Empty","0","NA","NA","NA","60.10","78.80","72.60","55.90","66.50","67.00","75","49","74","Very fine weather    Aurora",
1855-09-13,"29.400","29.400","29.563","73.40","77.10","66.50","29.268","29.279","29.462","29.336","70.00","67.5","55.45","64.32","639","640","346","1","West","1","10","West","3","0","Empty","0","West","1","West","2","North-West","3","1 1/2 P.M.","5 P.M.","0.20","69.90","67.25","55.30","67.50","66.50","51.10","88","96","85","[illegible] in morn. – Shower at 1 1/2 – Cooler – Aurora in [illegible]",
1855-09-14,"29.752","29.821","29.918","60.60","58.20","68.00","29.668","29.743","29.811","29.741","48.20","54.30","45.95","49.48","212","224","218","1/2","North-West","Empty","8","North-North-East","3","0","Empty","0","North-West","3","North-North-East","3","North-West","3","NA","NA","NA","48.00","54.40","45.70","43.00","47.00","42.00","63","52","70","Beautiful Aurora (at 11 1/2 P.M.) (arch very low)",
1855-09-15,"29.900","29.850","29.850","54.38","63.10","68.00","29.834","29.758","29.741","29.778","41.00","61.00","49.00","50.33","210","339","297","1","South-West","2","1","South-West","2","0","NA","0","South-West","1","South-West","1","South-West","1","NA","NA","NA","39.90","60.90","49.20","38.50","54.44","47.00","84","63","85","Frost – very fine",
1855-09-16,"29.716","29.660","29.650","58.40","67.88","66.85","29.638","29.554","29.547","29.580","52.00","65.50","54.85","57.45","334","420","404","2","West","2","1","West","2","1","West","1","West","1","South-West","1","South-West","1","NA","NA","NA","50.90","65.00","55.10","49.80","59.00","54.00","86","68","93","Beautiful weather",
1855-09-17,"29.600","29.600","29.610","65.00","65.94","69.50","29.503","29.500","29.511","29.505","59.95","63.00","56.50","59.48","512","543","423","10","West","Empty","9","West","2","10","West","1","West","1","West","2","0","Empty","6 A.M.","10 A.M.","0.12","59.70","62.00","55.80","59.70","61.80","55.00","100","96","95","Aurora",
1855-09-18,"29.359","29.318","29.452","64.00","65.60","65.90","29.266","29.220","29.355","29.280","64.00","52.40","43.35","52.25","515","385","182","5","West","3","10","North","4","3","North-West","2","West","3","North","2","North-West","2","10 A.M.","8 P.M.","0.25","63.90","52.20","43.35","61.50","52.00","39.00","87","98","65","Rain most of that day – sky clear 10P.M. + Aurora",
1855-09-19,"29.527","29.580","29.740","55.20","53.15","64.00","29.459","29.518","29.645","29.541","40.15","49.95","45.00","45.03","150","178","126","1","Empty","Empty","1","North-North-West","3","0","Empty","Empty","North-West","3","North-West","3","North-West","2","NA","NA","NA","40.00","49.65","44.35","35.50","42.50","37.05","60","50","43","A fine day      Aurora",
1855-09-20,"29.800","29.747","29.660","53.00","65.20","64.15","29.738","29.649","29.568","29.651","41.60","50.10","49.00","46.80","199","163","234","1","North-West","2","1","North-West","3","2","West-North-West","3","North-West","2","North-West","3","West-North-West","3","NA","NA","NA","41.20","49.90","48.90","38.50","42.00","46.42","76","45","67","Fine weather",
1855-09-21,"29.620","29.600","29.688","59.10","61.20","68.00","29.540","29.514","29.589","29.545","50.00","60.00","49.00","53.00","192","244","253","4","West","2","1","North-North-East","2","7","Empty","Empty","West","3","West","2","West","2","NA","NA","NA","49.50","59.50","48.45","43.10","50.35","45.00","54","48","74","Fine, but cool",
1855-09-22,"29.860","29.800","29.850","58.60","60.24","65.95","29.781","29.701","29.745","29.744","44.25","52.00","42.30","46.18","196","192","173","8","East","2","4","East West-North-West","2 | 3","0","Empty","Empty","East","2","South-East","3","South-East","2","NA","NA","NA","44.00","51.30","42.30","40.00","44.00","38.00","68","51","63","Prospect of rain in [illegible] but clear at [illegible]",
1855-09-23,"29.800","29.928","29.970","54.00","68.60","69.80","29.835","29.821","29.859","29.838","32.50","53.90","46.00","45.80","099","239","223","2","North-East","4","0","Empty","Empty","0","Empty","Empty","West","1","North-East","2","0","Empty","NA","NA","NA","36.50","51.60","46.00","30.30","46.00","42.30","46","63","71","Just a few fleeing clouds from the east at 9 P.M. but end is pleasant",
1855-09-24,"29.970","29.844","29.910","56.00","63.50","68.00","29.899","29.750","29.803","29.814","38.00","59.00","47.00","48.00","208","196","270","0","Empty","Empty","0","Empty","Empty","0","Empty","Empty","0","Empty","North-East","3","North-East","2","NA","NA","NA","38.05","58.70","47.15","37.00","48.15","45.00","91","40","83","A fine day – very clear and yet wind N.E. not a cloud",
1855-09-25,"29.780","29.720","29.710","58.15","64.70","69.00","29.703","29.623","29.601","29.642","44.60","60.50","49.20","51.43","228","229","188","3","North","2","0","Empty","Empty","0","Empty","Empty","West","1","North-East","1","0","Empty","NA","NA","NA","43.20","60.00","49.80","41.00","50.00","43.00","81","44","52","Remarkably clear, and yet a gentle breeze from N.E. most of the day",
1855-09-26,"29.650","29.590","29.590","57.10","57.50","71.50","29.576","29.515","29.473","29.521","40.80","62.20","48.00","50.33","221","251","247","0","Empty","Empty","0","Empty","Empty","0","Empty","Empty","South-West","1","0","Empty","0","Empty","NA","NA","NA","40.30","61.90","49.00","39.00","51.75","45.00","89","45","71","Delightful weather – clear – full moon + fine evening",
1855-09-27,"29.500","29.440","29.430","58.00","65.30","63.50","29.424","29.342","29.338","29.368","43.50","64.80","55.80","54.70","242","432","372","0","Empty","Empty","4","West-South-West","2","5","West-South-West","2","0","Empty","North-East","1","South","3","NA","NA","NA","43.00","64.10","55.40","41.50","59.00","53.10","87","73","85","Smoky – prospect of [illegible]",
1855-09-28,"29.320","29.340","29.590","65.50","61.25","60.90","29.222","29.254","29.505","29.327","58.60","55.80","48.40","54.27","440","375","302","5","West","3","8","North","4","9","North","4","West","2","North-West","3","North-West","3","12 1/4 A.M.","5 A.M.","0.8","59.00","55.50","48.00","57.10","53.20","46.70","88","85","90","Appearance of showers all day – a little rain about 6 P.M. - near an inch during that day",
1855-09-29,"29.736","29.845","29.900","59.85","69.60","64.10","29.654","29.733","29.805","29.721","48.00","54.90","45.00","49.30","240","279","251","5","North","3","5","North","3","1","North-West","3","North-West","5","North-West","3","North-West","1","NA","NA","NA","47.50","54.20","45.00","42.80","49.00","43.00","79","66","84","NA",
1855-09-30,"29.845","29.930","29.920","56.50","67.10","70.00","29.872","29.825","29.807","29.825","46.00","56.00","47.00","Illegible","260","267","273","8","North-East","4","0","Empty","Empty","0","Empty","Empty","NA","Empty","North","2","0","Empty","NA","NA","NA","45.60","56.40","47.00","43.70","49.50","45.00","85","59","85","Delightful Weather",
1855-10-01,"29.890","29.860","29.876","56.90","68.00","67.20","29.816","29.753","29.771","29.780","45.20","63.00","49.00","52.40","251","351","298","3","West","2","2","West","2","4","West","2","0","Empty","South","2","0","Empty","NA","NA","NA","45.00","61.20","49.10","43.00","55.00","46.60","84","65","89","Fine weather – maybe some appearance of storm",
1855-10-02,"29.820","29.770","29.760","59.40","64.90","67.00","29.739","29.673","29.656","29.688","50.30","58.20","53.10","53.87","296","330","334","9","South-South-East","4","9","South-South-East","3","4","South","4","South-East","2","South-East","3","South-East","2","NA","NA","NA","50.00","57.40","53.00","47.50","52.50","50.50","82","70","83","Signs of storm during the day – mostly clear at 9 P.M.",
1855-10-03,"29.758","29.630","29.620","60.10","63.50","64.70","29.675","29.527","29.524","29.579","53.20","64.00","59.80","59.00","321","474","475","4","South","5","5","South-East","5","7","South-East","4","South-South-East","3","South-East","4","South-East","2","NA","NA","NA","53.00","63.30","59.70","50.00","60.00","58.50","80","82","92","Unsettled weather – wind S.E. with a bitter mist",
1855-10-04,"29.580","29.500","29.433","64.00","66.90","70.90","29.486","29.398","29.219","29.401","60.50","69.70","63.00","64.40","513","595","529","7","South-East","4","10","South-East","4","10","South-East","5","South-East","4","South-East","4","South-East","5","7 1/2 P.M.","10 P.M.","0.08","60.15","68.00","62.80","59.90","65.50","61.50","98","87","93","rain in morning, but stars out at 11 P.M. and aurora brilliantly streaming to zenith",
1855-10-05,"29.490","29.362","29.514","65.45","63.10","66.15","29.392","29.271","29.414","29.359","59.00","59.80","56.00","58.27","477","464","417","2","South South-East","5 | 1","10","South-East","5","3","North-West","5","South-East","2","South-East","2","North-West","3","9 A.M.","4 P.M.","0.50","58.20","59.60","55.80","57.90","58.10","59.80","98","91","94","Raining, but at 4PM wind veered from S.E. by W to N.W.",
1855-10-06,"29.610","29.605","29.600","63.00","68.10","68.30","29.519","29.499","29.493","29.504","54.05","71.10","60.30","61.82","396","540","452","3","North West","2 | 3","2","South-West North-West","2 | 4","2","North-West","1","0","Empty","South-West","1","South-West","4","NA","NA","NA","53.50","70.70","60.20","53.00","65.00","58.00","96","72","86","Very warm and fine",
1855-10-07,"29.420","29.400","29.500","66.80","68.40","64.00","29.218","29.293","29.406","29.329","68.00","66.00","48.10","61.03","584","510","297","8","South-West","6","4","South-West","5","0","Empty","Empty","South-West","4","South-West","3","North-West","1","8 A.M.","11 A.M.","0.10","67.80","65.40","49.00","65.00","62.00","47.00","87","82","85","Showers in morning with high wind – becomes fine in P.M.",
1855-10-08,"29.620","29.632","29.698","58.50","63.70","66.10","29.548","29.529","29.597","29.559","41.00","56.30","47.15","46.48","209","248","225","0","Empty","Empty","2","South-West","3","0","Empty","Empty","0","Empty","0","Empty","0","Empty","NA","NA","NA","41.10","55.50","43.10","38.90","48.95","40.80","80","56","81","Far Norwest west wind gradually prevailing against S.W. and bringing fair weather",
1855-10-09,"29.740","29.740","29.790","56.50","62.20","70.10","29.668","29.651","29.677","29.665","42.15","56.00","48.10","48.75","244","281","238","2","South-West","3","2","South-West","2","1","West","2","0","Empty","0","Empty","0","Empty","NA","NA","NA","42.10","55.00","48.10","41.00","49.50","44.15","91","65","70","A fair day    Aurora",
1855-10-10,"29.800","29.810","29.851","56.00","66.00","71.80","29.729","29.712","29.723","29.725","45.40","60.70","52.15","53.08","256","374","381","5","West","2","5","West","3","10","West","2","0","Empty","West","1","West","1","4 P.M.","11 P.M.","0.20","45.50","60.00","53.60","43.50","55.25","52.50","84","72","92","Showers in afternoon",
1855-10-11,"29.860","29.855","29.855","60.50","66.00","70.10","29.775","29.750","29.742","29.756","50.30","58.20","49.00","52.50","360","374","314","3","South-South-West","2","3","South","3","1","South","Empty","0","Empty","North-East","2","South","2","NA","NA","NA","50.00","57.50","49.00","49.90","54.10","47.70","99","80","90","Thick fog in morning - fine day - Aurora",
1855-10-12,"29.840","29.830","29.822","58.00","70.80","68.00","29.763","29.715","29.715","29.731","46.00","56.00","54.10","52.03","254","345","376","5","South-East","4","10","South-East","4","10","South-East","4","South-East","2","South-East","4","South-East","3","NA","NA","NA","45.70","55.30","54.00","43.50","52.00","52.50","83","79","90","Prospect of storm",
1855-10-13,"29.810","29.790","29.790","60.50","64.00","71.20","29.726","29.695","29.674","29.698","56.00","57.85","54.50","56.12","391","408","397","10","South-East","6","10","South-East","6","10","South-East","6","South-East","5","South-East","5","South-East","5","8 P.M.","Empty","Empty","56.00","57.00","54.10","54.10","55.10","53.30","87","87","94","high wind with mist most of afternoon – raining at 9 P.M.",
1855-10-14,"29.730","29.700","29.660","61.00","73.00","69.70","29.644","29.579","29.549","29.591","57.00","61.80","54.20","57.67","461","518","406","10","South-East","6","10","South-East","6","10","West-South-West","4","South-East","4","South-East","4","West","2","Empty","9 P.M.","1.40","57.00","62.00","54.50","56.40","60.80","53.80","99","93","95","rainy day – at 5P.M. a S.E. gale with heavy showers and thunder – wind gusts W at 8PM",
1855-10-15,"29.630","29.560","29.670","61.00","60.50","66.10","29.545","29.476","29.569","29.530","49.20","60.10","47.10","52.13","325","288","252","3","South-South-West","4","1","South-West","3","0","Empty","Empty","South","1","South-West","3","West","2","NA","NA","NA","48.80","53.80","47.10","48.00","52.10","44.20","94","56","78","Showers in morning – but fine rest of the day",
1855-10-16,"29.660","29.635","29.640","56.00","67.00","71.10","29.589","29.532","29.525","29.549","43.00","59.00","50.00","50.67","236","278","306","4","South-West","3","1","South-West","2","6","West","3","0","Empty","West","1","West","2","9 1/2 P.M.","10 1/2 P.M.","0.015","43.50","58.10","50.20","41.50","50.90","48.00","83","57","84","Delightful day | shower at 9 1/2 P.M.",
1855-10-17,"29.632","29.620","29.620","58.40","60.20","56.10","29.554","29.537","29.549","29.547","46.10","50.60","44.00","46.90","238","231","225","3","North-West","4","2","West","2","4","North-West","2","North-West","1","North-West","2","North-West","1","NA","NA","NA","46.00","49.90","44.00","43.00","44.00","41.30","77","64","78","Fine day",
1855-10-18,"29.620","29.580","29.595","52.50","62.40","67.30","29.560","29.491","29.491","29.514","40.00","48.00","46.10","44.70","185","195","215","4","North-West","2","6","West","3","7","West","3","South-West","2","South-West","3","West","3","NA","NA","NA","39.70","47.50","46.00","37.00","42.00","42.00","75","59","69","Fine Day – but some signs of rain – Aurora",
1855-10-19,"29.660","29.740","29.850","54.00","66.30","70.00","29.595","29.638","29.737","29.657","42.00","52.00","38.00","44.00","184","162","175","1","North-West","2","0","Empty","Empty","0","Empty","Empty","North-West","2","West","2","0","Empty","NA","NA","NA","41.50","51.95","38.20","38.00","43.10","35.60","70","42","76","Delightful day.",
1855-10-20,"29.850","29.820","29.840","53.00","61.80","66.20","29.788","29.732","29.740","29.755","39.00","64.70","56.00","53.23","195","342","391","0","Empty","Empty","0","Empty","Empty","0","Empty","Empty","0","Empty","South-West","3","0","Empty","NA","NA","NA","38.80","64.10","56.00","36.90","56.00","54.00","83","57","87","Smoky indian summers [illegible]",
1855-10-21,"29.790","29.700","29.620","60.90","67.70","69.85","29.704","29.594","29.508","29.602","55.00","61.00","62.10","59.37","408","534","535","8","South-South-West","3","10","South-East","5","10","South","4","0","Empty","South-East","2","South-East","3","10 A.M.","Empty","Empty","55.00","61.20","62.55","54.10","61.00","61.60","95","99","94","Rainy day",
1855-10-22,"29.480","29.451","29.530","65.00","67.40","68.00","29.283","29.347","29.424","29.385","60.60","70.00","58.40","63.00","510","557","470","3","South-West","2","5","West","3","5","South-West","3","South","2","West","3","0","Empty","Empty","6 A.M.","0.60","60.60","69.50","58.10","60.00","65.00","57.65","96","77","97","NA",
1855-10-23,"29.525","29.430","29.560","64.20","64.00","63.00","29.434","29.336","29.469","29.413","57.70","60.96","49.60","56.09","458","510","346","10","South-South-West","4","10","South-South-West","4","10","West","Empty","South-East","1","0","Empty","West","1","Empty","Empty","0.25","57.60","60.45","49.15","57.00","59.90","49.00","96","97","99","commenced raining after 1 A.M. – showers most of A.M. – mist at 9 P.M.",
1855-10-24,"29.690","29.670","29.590","59.00","56.12","67.70","29.610","29.599","29.485","29.565","44.95","54.00","50.00","49.65","277","289","343","2","North-West","2","5","East-South-East","4","10","South-East","4","North-West","1","East-South-East","3","South-East","3","5 P.M.","12 .M","0.25","44.50","53.60","50.00","43.80","49.00","49.35","94","71","95","Unsettled – rains fast during evening",
1855-10-25,"29.430","29.350","29.426","61.00","65.00","72.30","29.345","29.254","29.308","29.302","62.05","66.00","51.90","59.98","532","542","334","4","South-West","3","10","South-West","5","10","South-West","5","South-West","3","South-West","4","South-West","3","9 A.M.","11 P.M.","0.40","62.15","65.50","52.00","61.35","63.00","50.00","95","87","86","Rainy day",
1855-10-26,"29.490","29.605","29.700","55.10","57.70","66.00","29.422","29.529","29.600","29.517","42.20","43.00","38.00","41.07","177","241","153","3","West-South-West","4","9","West-South-West","3","0","Empty","Empty","West-South-West","3","West","4","West","2","NA","NA","NA","42.05","42.30","37.80","38.05","41.10","34.25","66","89","67","Cooler, but fine",
1855-10-27,"29.660","29.450","29.300","50.50","57.00","60.00","29.606","29.377","29.218","29.400","44.50","49.60","33.40","42.50","218","237","167","2","West-South-West","4","10","South-West","4","Empty","Empty","Empty","West-South-West","2","South-West","3","Empty","Empty","10 1/2 A.M.","Empty",".10","44.00","49.40","33.20","41.00","44.80","32.10","76","67","88","Showers",
1855-10-28,"29.150","29.150","29.100","57.20","67.50","67.70","29.077","29.047","28.997","29.040","45.50","48.50","42.80","45.60","263","193","197","1","West","5","1","West","4","2","West","1","West","2","West","2","West","1","NA","NA","NA","45.00","47.70","42.50","43.50","42.00","39.20","88","58","72","One or two light showers – weather not settled",
1855-10-29,"29.200","29.272","29.570","51.20","61.00","55.00","29.144","29.287","29.502","29.311","40.00","41.00","35.80","38.93","158","135","120","7","North-North-West","3","3","North-West","3","0","Empty","Empty","North-West","3","North-West","3","North-West","2","NA","NA","NA","38.50","40.30","35.60","35.00","35.00","31.10","68","54","57","NA",
1855-10-30,"29.560","29.430","29.560","47.60","58.00","68.20","29.514","29.354","29.454","29.441","36.40","52.20","49.00","45.87","129","158","303","1","North-West","2","10","South-West","5","4","West","2","South-West","3","South-West","4","West","2","2 P.M.","7 P.M.","0.10","36.00","52.10","48.80","32.10","49.00","47.00","61","41","89","Showers in P.M. - Unsettled",
1855-10-31,"29.800","29.900","30.100","51.00","65.00","67.50","29.744","29.807","29.994","29.847","37.70","44.00","33.20","38.30","167","143","163","0","Empty","Empty","0","Empty","Empty","0","Empty","Empty","West","2","North-West","2","0","Empty","NA","NA","NA","37.70","42.80","33.00","32.10","37.50","31.80","88","50","87","Fine Day",
1855-11-01,"29.951","29.870","29.772","55.00","64.10","69.80","29.883","29.775","29.660","29.773","32.60","53.80","55.10","47.17","0.149","0.266","0.393","1","West-South-West","2","9","South","1","10","South-West","3","North-West","1","South-West","2","South-West","4","8 1/2 pm","Empty","Empty","32.40","53.40","55.00","30.60","48.10","53.60","82","65","91","White frost in morn, noon is overcast - first rain 4 pm",
1855-11-02,"29.680","29.670","29.670","60.80","68.00","64.00","29.595","29.564","29.576","29.578","52.80","44.00","44.90","47.23","0.390","0.254","0.211","10","South-East","3","10","North-East","4","10","North-East","4","South-East","2","North-East","3","North-East","5","Empty","5 1/2 pm","1.10","52.70","43.90","44.50","52.40","42.50","41.00","98","89","72","Raining at 7 am - raining at 2 - not raining but windy at 9 pm.",
1855-11-03,"29.787","29.860","29.910","51.00","62.80","68.10","29.731","29.769","29.803","29.768","40.00","42.00","40.00","40.67","0.156","0.166","0.152","8","North-East","3","8","North-East","3","10","South-East","4","North-East","3","North-East","3","South-East","3","NA","NA","NA","39.50","41.40","39.00","35.50","37.10","35.00","63","63","63","Cloudy to day - wind NE but no rain.",
1855-11-04,"29.900","29.922","29.700","51.60","70.50","69.10","29.842","29.807","29.590","29.746","37.50","43.00","41.70","40.73","0.178","0.214","0.214","10","North-East","1","9","North-East","3","10","South-East","3","South-East","1","North-East","3","South-East","3","NA","NA","NA","37.20","42.80","41.30","35.10","40.10","39.25","80","77","82","Cloudy but no rain, except slight mist.",
1855-11-05,"30.020","30.055","30.071","51.80","61.80","68.20","29.961","29.936","29.963","29.953","38.00","44.90","36.00","39.63","0.165","0.203","0.179","2","East-North-East","3","0","Retracted","Retracted","0","Retracted","Retracted","South-East","2","North-East","2","0","Retracted","NA","NA","NA","37.50","44.90","37.60","34.70","40.90","35.40","73","68","79","Fine day, rough wind eastward. Aurora",
1855-11-06,"30.000","30.030","30.000","52.60","64.80","72.50","29.979","29.932","29.879","29.930","38.90","49.50","47.60","45.33","0.197","0.265","0.284","5","South-East","3","4","South-East","4","10","South-East","2","South-East","1","South-East","2","South-East","2","NA","NA","NA","39.00","49.50","48.10","37.10","46.00","46.00","83","75","84","Little rain this morn at 5 1/2 - a fine day - overcast at 6 pm",
1855-11-07,"29.920","29.850","29.850","59.00","66.90","72.20","29.840","29.746","29.731","29.772","48.50","64.00","61.00","57.83","0.332","0.536","0.527","10","South-East","3","7","South-East","3","1","South-West","3","East","1","South-East","2","South-West","3","NA","NA","NA","48.40","63.50","61.20","48.10","62.00","60.80","98","92","98","Thick fog at 7 am - cloudy during day - fair in eve.",
1855-11-08,"29.750","29.650","29.690","65.50","69.50","74.90","29.651","29.539","29.564","29.585","60.50","70.40","53.00","61.30","0.512","0.574","0.348","3","South-West","4","3","South-West","4","9","West","3","South-West","2","South-West","4","West","2","4 1/2 pm","Empty","0.10","60.40","70.35","53.00","60.00","65.80","51.00","98","78","86","Very warm - shower at 4 1/2",
1855-11-09,"29.777","29.850","29.985","59.10","66.20","65.35","29.697","29.748","29.886","29.777","39.00","48.00","38.00","41.67","0.153","0.184","0.110","0","Retracted","Retracted","3","North-West","3","0","Retracted","Retracted","North-West","2","North-West","3","North-West","3","NA","NA","NA","38.90","47.50","37.54","35.00","41.50","32.00","64","56","49","Fine day",
1855-11-10,"30.050","30.044","30.010","51.00","69.00","69.10","29.993","29.933","29.999","29.975","31.00","44.70","40.00","38.57","0.138","0.164","0.174","0","Retracted","Retracted","0","Retracted","Retracted","0","Retracted","Retracted","North-West","1","North-West","1","South-West","3","NA","NA","NA","31.10","45.00","40.20","28.50","39.20","36.80","82","54","70","Delightful day - at 9 pm hazy - stars dim",
1855-11-11,"29.920","29.940","30.050","54.20","64.00","65.00","29.854","29.845","29.951","29.883","40.00","51.04","44.00","45.01","0.203","0.242","0.219","10","North-West","1","5","North-West","1","2","Empty","Empty","North-West","1","North-West","1","South-East","3","NA","NA","NA","40.00","50.20","43.90","38.00","46.00","41.00","82","66","77","Looks like rain in morning - is fair pm.",
1855-11-12,"30.140","30.180","30.180","55.20","57.40","66.00","30.071","30.104","30.078","30.084","38.20","42.95","35.00","38.72","0.134","0.169","0.144","5","East","2","3","South-East","3","3","East-South-East","2","South-South-East","2","South-East","3","East-South-East","9","NA","NA","NA","38.00","42.50","35.00","33.55","37.90","32.10","58","61","71","Wind ESE with some signs of rain.",
1855-11-13,"29.970","29.700","29.676","51.20","68.80","73.10","29.913","29.597","29.555","29.688","44.00","56.00","54.00","51.33","0.244","0.401","0.382","10","South-East","3","10","South-East","4","10","South-West","2","South-East","3","South-East","4","South-West","2","Empty","Empty","0.14","43.80","55.30","53.50","42.00","54.00","52.50","86","92","93","Raining at 7 am - raining at 2 pm.",
1855-11-14,"29.720","29.670","29.650","57.40","61.00","70.00","29.645","29.584","29.538","29.589","41.00","53.80","42.50","45.77","0.212","0.199","0.190","0","Retracted","Retracted","1","West","1","0","Retracted","Retracted","North-West","1","West","2","0","Retracted","NA","NA","NA","41.00","53.00","43.00","39.00","45.20","39.15","82","50","70","Fair",
1855-11-15,"29.670","29.700","29.770","56.20","64.00","67.50","29.599","29.605","29.665","29.623","41.00","41.70","35.10","39.27","0.131","0.118","0.123","0","Retracted","Retracted","2","North-West","2","0","Retracted","Retracted","North-West","4","North-West","4","North-West","2","NA","NA","NA","40.60","41.10","35.30","35.00","34.70","31.00","51","46","60","Fine day.",
1855-11-16,"29.700","29.321","29.204","52.00","60.80","72.80","29.641","29.237","29.085","29.321","36.14","45.25","51.10","44.16","0.147","0.251","0.285","8","South-West","3","10","South-West","4","6","West-North-West","4","0","Retracted","South-West","3","West-North-West","4","1 pm","8 pm","0.55","36.20","45.00","51.00","33.00","43.00","47.65","69","84","77","Empty",
1855-11-17,"29.545","29.626","29.741","48.90","57.50","64.50","29.496","29.551","29.645","29.564","28.50","31.00","26.15","28.88","0.133","0.106","0.097","2","North-West","3","0","Retracted","Retracted","0","Retracted","Retracted","North-West","3","North-West","3","North-West","2","NA","NA","NA","28.20","30.50","26.00","27.00","27.00","23.50","86","62","68","Fine aurora",
1855-11-18,"29.700","29.630","29.634","44.45","52.40","69.50","29.664","29.540","29.524","29.576","22.40","31.80","31.00","28.40","0.106","0.169","0.138","4","West","2","7","South-West","2","9","South-West","2","West","1","South-West","1","South-West","2","NA","NA","NA","22.30","31.60","31.50","21.50","31.00","29.40","89","94","78","Appearance of snow.",
1855-11-19,"29.590","29.465","29.510","48.00","60.50","66.60","29.543","29.382","29.408","29.444","29.00","37.50","29.00","31.83","0.124","0.120","0.123","7","North-West","3","8","North-West","3","5","North-West","4","North-West","3","North-West","3","North-West","4","NA","NA","NA","28.90","37.00","29.00","27.00","32.20","27.00","78","55","77","Snow squall at 2 pm - the first of our year [?]",
1855-11-20,"29.580","29.625","29.760","43.00","56.50","66.40","29.548","29.553","29.658","29.586","19.00","24.00","21.20","21.40","0.095","0.093","0.086","10","West","3","4","North-West","4","6","North-West","3","West","3","North-West","5","North-West","3","Empty","Empty","0.06","19.00","23.90","21.80","18.50","21.90","20.00","92","73","74","Snowing from west at 7 am - blustering and cold",
1855-11-21,"29.760","29.740","29.650","40.00","61.00","70.00","29.737","29.654","29.538","29.643","21.00","28.50","26.00","25.17","0.100","0.108","0.141","8","North-West","2","8","North-West","3","10","South","3","North-West","2","North-West","3","South","3","8 1/2 pm","Empty","Empty","21.40","28.00","26.00","20.50","25.50","26.00","87","71","100","Snowing at 9 pm - wind south - squally",
1855-11-22,"29.330","29.426","29.650","44.00","61.20","68.70","29.295","29.341","29.542","29.393","27.00","31.50","23.40","27.30","0.138","0.121","0.093","10","South-East","3","8","North","3","2","North","3","South-East","2","North","3","North-West","3","Empty","6 pm","Empty","27.00","31.50","23.40","26.50","28.50","21.50","93","69","74","Squally at times during day - but little snow.",
1855-11-23,"29.670","29.561","29.330","42.00","54.50","68.20","29.641","29.495","29.224","29.453","19.80","34.00","40.00","31.27","0.102","0.146","0.192","2","North-West","2","10","South-West","4","10","South-West","5","North-West","2","South-West","4","South-West","5","9 pm","Empty","Empty","19.80","34.00","40.00","19.50","31.50","37.50","95","74","77","Unsettled - raining from SW at 9 pm",
1855-11-24,"29.000","29.051","29.441","49.00","69.30","64.80","28.951","28.943","29.345","29.080","39.80","26.00","15.00","26.93","0.186","0.123","0.063","1","West-South-West","3","10","West","4","10","West","5","South-West","3","West","4","West","6","Empty","Empty","0.009","39.50","26.00","15.00","36.90","25.00","13.50","76","87","73","Snow squalls from west at 10 am and most of pm.",
1855-11-25,"29.840","29.790","29.700","35.00","66.80","63.40","29.832","29.687","29.607","29.709","12.00","27.50","30.80","23.43","0.067","0.094","0.153","0","Retracted","Retracted","7","West","3","10","South-West","4","North-West","2","West","3","South-West","4","8 1/2 pm","Empty","Empty","12.00","27.15","33.00","11.50","24.20","31.20","90","63","82","Some snow from SW in evening",
1855-11-26,"29.165","29.141","29.140","47.10","65.50","67.20","29.121","29.044","29.038","29.068","47.00","47.80","42.30","45.70","0.298","0.268","0.221","10","West-South-West","4","4","West","3","4","West","3","West-South-West","4","West","2","West","3","Empty","Empty","0.20","47.00","47.80","42.10","46.00","45.20","40.00","92","80","82","Rain last night 0.2 inch",
1855-11-27,"29.040","29.110","29.230","54.00","62.00","65.00","28.977","29.023","29.134","29.045","33.00","29.50","25.80","29.43","0.157","0.099","0.123","4","West","4","3","North-West","4","1","North-West","3","West","4","North-West","4","North-West","3","NA","NA","NA","33.30","29.50","26.00","31.70","26.00","25.00","83","61","87","Empty",
1855-11-28,"29.180","29.130","29.140","45.00","65.40","69.00","29.143","29.033","29.032","29.069","31.50","45.50","39.00","38.67","0.172","0.269","0.191","4","West","2","3","West","3","1","South-West","3","South-West","3","West","1","South-West","3","NA","NA","NA","32.00","45.50","39.30","31.50","44.00","37.00","95","88","79","Squally snow. Milder again",
1855-11-29,"29.000","28.947","29.042","50.20","60.80","65.00","28.948","28.864","28.947","28.920","34.50","37.40","30.00","33.97","0.175","0.195","0.150","7","South-West","1","10","South-West","1","10","West","3","0","Retracted","South-West","1","West","3","9 1/2 am","Empty","Empty","34.00","37.10","30.00","33.00","35.90","29.10","89","88","90","Raining at 2 pm with some flakes of snow - snowing at 11 pm",
1855-11-30,"29.200","29.400","29.560","49.50","63.20","67.20","29.149","29.309","29.456","29.305","29.10","29.00","27.20","28.43","0.128","0.142","0.112","10","North-West","3","1","North-West","3","0","Retracted","Retracted","North-West","2","North-West","3","North-West","3","Empty","9 am","0.25","29.10","29.00","27.20","28.60","28.00","25.20","73","88","75","Snowing at 7 am - fair at 10",
1855-12-01,"29.570","29.570","29.571","64.00","67.50","66.50","29.529","29.466","29.469","29.488","27.00","44.00","39.00","36.67","129","214","201","1","South-West","2","1","South-West","2","Illegible","Empty","Empty","South-West","2","0","Empty","South-West","2","Empty","Empty","Empty","27.00","43.30","39.00","26.00","60.40","37.30","88","76","84","Fair -",
1855-12-02,"29.540","29.440","29.290","54.00","66.80","70.50","29.476","29.339","29.178","29.331","37.00","53.95","55.60","48.85","199","365","405","0","Empty","Empty","4","South-West","5","10","South-West","5","North-West","1","South-West","3","South-West","5","7 1/2 PM | empty","Empty","Retracted","37.46","53.30","55.00","36.00","51.30","54.00","90","93","94","Showers & sunshine until evening, then steady rain with (illegible) (illegible)",
1855-12-03,"28.940","29.090","29.270","62.00","59.10","53.00","28.855","29.012","29.209","29.359","50.00","45.00","38.10","44.27","341","166","194","5","West","5","1","North-West","5","0","Empty","Empty","South-West","Empty","North-West","3","West","3","Empty","6 AM","1.200","52.10","44.50","38.60","49.30","39.00","35.00","94","56","92","Fine day - winds winds seems to bear south again later in evening",
1855-12-04,"29.400","29.520","29.663","54.00","71.00","69.80","29.326","29.405","29.551","29.421","37.30","39.00","35.45","37.25","092","099","121","7","South-West","3","3","North-West","4","1","North-West","4","South-West","3","North-West","4","North-West","4","Empty","Empty","Empty","37.20","38.80","35.20","30.55","32.30","33.00","41","42","52","Appearance (?) of storm at 7 AM - Squally at 2 PM -",
1855-12-05,"29.730","29.870","29.820","51.00","57.80","70.00","29.724","29.724","29.707","29.722","32.00","42.20","35.96","36.72","127","146","177","1","West Retracted","2","2","West","3","0","Empty","Empty","West","1","West-South-West","2","0","Empty","Empty","Empty","Empty","32.00","41.80","36.10","29.10","36.45","34.40","70","55","83","Fine day",
1855-12-06,"29.800","29.740","29.620","50.00","59.90","55.00","29.767","29.658","29.552","29.652","28.10","Illegible","27.00","35.33","153","216","178","3","East","3","5","North South-East","3 | 3","10","Empty","Empty","0","Empty","0","Empty","0","Empty","Empty","Empty","Empty","28.50","40.50","37.00","28.30","38.85","35.00","98","85","81","Empty",
1855-12-07,"29.500","29.380","29.340","50.00","59.00","66.20","29.447","29.201","29.240","29.296","35.98","37.15","32.00","35.04","146","128","147","10","North-East","5","10","North-East","5","10","North-East","6","North","5","North","5","North","5","4 p.m.","Empty","Empty","35.50","37.00","31.40","32.50","32.60","29.80","70","58","83","Commenced snowing a little about 4P.M. | Strong wind from N all day",
1855-12-08,"29.321","29.341","29.440","44.00","53.87","67.10","29.286","29.273","29.227","29.299","33.20","35.20","32.50","33.63","174","134","113","10","North-West","5","5","North-West","4","6","North-West","3","North-West","5","North-West","4","North-West","3","Empty","Empty","Empty","33.00","35.00","32.30","32.20","31.50","28.20","91","66","63","But little snow last night",
1855-12-09,"29.485","29.510","29.450","47.00","74.10","69.80","29.441","29.295","29.339","29.392","25.20","38.00","37.60","33.55","125","127","138","0","Empty","Empty","3","South-West","2","10","South-West","Empty","North-West","2","North-West","2","South-South-West","3","10 1/2 PM","Empty","Empty","25.60","37.40","37.40","24.80","32.80","33.30","90","57","61","Appearance of snow - Appearance of rain at evening",
1855-12-10,"28.860","28.940","29.200","54.00","58.00","67.00","28.797","28.865","29.098","28.920","51.50","48.00","39.00","46.17","372","168","169","10","South-East","6","2","South-West","5","0","Empty","Empty","South-East","6","South-West","4","South-West","3","Empty","7 1/2 AM","0.80","51.20","47.80","39.00","51.(illegible)","41.00","35.80","98","50","71","A gale last night, demolishing fences uprooting trees etc.",
1855-12-11,"29.280","29.320","29.460","52.34","65.70","70.00","29.211","29.225","29.349","29.262","36.50","39.90","32.50","36.30","130","Illegible","127","6","South-South-West","4","5","South-West","4","8","West","4","South-South-West","3","North-West","3","North-West","3","Empty","Empty","Empty","36.40","39.20","32.40","32.30","33.50","29.40","60","49","69","Empty",
1855-12-12,"29.610","29.730","29.910","48.00","57.00","70.30","29.563","29.646","29.792","29.668","21.80","17.50","14.00","17.77","085","068","060","7","North-West","3","10","West","4","6","West","4","North-West","3","West","4","West","4","Empty","Empty","Empty","21.60","17.20","13.70","Illegible","15.50","12.30","94","72","74","A snow squall at 2 P.M. - squally and cold",
1855-12-13,"30.000","30.070","30.051","62.00","63.00","64.30","29.970","29.977","29.954","29.967","14.00","22.80","23.00","19.93","067","079","083","2","West","3","2","West","2","10","South-West","3","West","3","West","2","South-West","2","Empty","Empty","Empty","14.00","22.50","23.20","13.00","20.00","20.80","81","65","67","Fair during day - Appearance of snow in eve",
1855-12-14,"30.010","30.032","30.100","44.80","63.50","65.50","29.972","29.928","30.000","29.970","20.25","29.90","28.50","26.22","096","064","093","8","West","3","1","West","2","3","West","3","West","1","West","1","West","3","Empty","Empty","Empty","21.00","29.50","28.00","20.00","24.00","26.00","85","39","56","Fine day -",
1855-12-15,"30.140","30.261","30.261","46.80","60.00","68.30","30.096","30.177","30.151","30.141","17.00","26.40","24.40","22.60","082","085","100","0","Empty","Empty","1","Empty","Empty","5","South-West","2","0","Empty","0","Empty","0","Empty","Empty","Empty","Empty","18.00","27.00","25.00","17.00","23.50","23.00","84","57","74","Fine day-",
1855-12-16,"30.010","29.871","29.663","47.20","73.10","67.50","29.965","29.749","29.558","29.757","27.00","36.00","38.80","33.93","138","166","224","6","South-East","2","10","South-East","3","10","South-East","3","South-East","1","South-East","3","South-East","2","5 1/2 PM","Empty","Empty","27.00","35.80","38.40","26.50","34.30","38.00","93","76","96","Mist from the S.E. most of the day - (illegible) 5 1/2 P.M. when it rains",
1855-12-17,"29.430","29.400","29.400","55.00","55.40","71.00","29.369","29.332","29.286","29.327","46.80","42.00","33.00","40.60","288","206","181","8","North-West","3","6","South-West North-West","4 | 2","2","West","3","North-West","2","North-West","1","West","2","Empty","5 A.M.","0.20","46.20","41.50","33.60","45.20","39.00","33.00","92","78","94","Cloudy at 7 AM - fair and fine at 9 & throughout the day",
1855-12-18,"29.286","29.430","29.610","55.80","61.50","69.80","29.317","29.344","29.499","29.287","29.20","36.00","28.20","36.13","158","085","Retracted","2","West","3","2","West","4","3","West","4","West","1","West","3","West","3","Empty","Empty","Empty","29.90","35.80","28.00","22.00","29.30","24.00","98","41","87","Fine day",
1855-12-19,"29.743","29.800","29.861","46.50","60.00","65.20","29.700","29.717","29.762","29.726","23.00","28.40","22.90","24.77","073","063","101","1","North-West","4","1","West","3","1","West","3","North-West","2","West","2","0","Empty","Empty","Empty","Empty","23.00","28.20","23.40","20.00","23.00","22.00","59","40","80","Fine day - but appearance of snow in evening",
1855-12-20,"29.784","29.750","29.810","46.00","54.40","56.10","29.743","29.675","29.729","29.719","21.00","24.30","24.00","23.23","075","098","081","8","East-North-East","4","10","East-North-East","4","8","East-North-East","4","East-North-East","3","East-North-East","3","East-North-East","4","Empty","Empty","Empty","21.80","25.00","24.80","19.30","22.90","21.80","64","73","61","Appearance of snow",
1855-12-21,"29.880","29.900","29.900","39.40","51.00","66.00","29.858","29.844","29.789","29.834","22.00","27.60","26.00","25.20","087","092","110","7","North-East","4","3","North-West","3","4","West","3","North-West","2","North-West","1","South-West","2","Empty","Empty","Empty","22.00","27.60","27.10","20.90","24.20","25.00","71","62","74","Very fine day --- looks like a storm",
1855-12-22,"29.770","29.642","29.720","46.00","67.00","72.00","29.729","29.539","29.602","29.623","36.00","41.00","37.50","38.17","179","272","210","10","West-South-West","4","10","West","4","5","North-West","3","South-West","4","West","3","0","Empty","11 1/2 P.M.","Empty","Empty","35.20","42.00","38.50","33.90","Illegible","Illegible","87","78","90","Dull day - a stom apparently (in the)? (illegible) country(?)",
1855-12-23,"29.400","29.315","29.463","53.60","70.65","70.26","29.208","29.202","29.251","29.287","40.00","52.95","42.25","38.40","218","317","177","10","South","5","10","South-West","5","2","North-West","4","South","3","South-West","3","North-West","3","Empty","8 AM","0.46","39.40","52.30","42.00","38.30","49.50","38.00","90","81","66","Empty",
1855-12-24,"29.640","29.770","29.890","58.40","69.20","66.10","29.562","29.660","29.789","29.670","33.90","41.90","31.00","35.60","139","120","Illegible","4","North West","3 | 4","4","West","3","3","West","2","0","Empty","West","2","West","2","Empty","Empty","Empty","34.30","44.40","31.20","31.30","35.00","28.10","71","46","67","Beautiful weather",
1855-12-25,"29.926","29.966","29.667","48.25","70.10","46.50","29.878","29.852","29.619","29.783","23.00","22.50","23.40","22.97","081","083","120","9","North-East","3","10","East","4","10","East","4","North-East","3","East","3","East","3","2 PM","Empty","Empty","23.00","23.50","24.00","20.50","21.00","23.50","65","66","93","Snow and frozen rain at 2 P.M.  rest of day about an inch and half of snow, but all melts before night",
1855-12-26,"29.110","28.650","29.340","41.50","62.50","59.50","29.083","28.563","29.260","28.968","36.00","55.40","Illegible","35.53","193","389","056","10","South-East","3","9","South-West","Illegible","4","West","5","South-East","2","South-West","6","West","7","Empty","11 a.m.","1.08","35.80","54.50","15.50","35.00","53.20","13.00","92","91","63","Raining fast at 8 A.M. - violent storm - high wind from W",
1855-12-27,"29.670","29.830","29.820","34.00","67.44","68.70","29.665","29.795","29.711","29.700","10.00","15.90","16.50","14.13","Empty","041","065","2","North-West","5","2","North-West","5","7","West","5","North-West","6","North-West","5","West","6","Empty","Empty","Empty","Empty","15.90","15.50","Empty","12.80","14.00","Empty","46","74","No snow on the ground - snow squall in the afternoon with very high wind",
1855-12-28,"29.820","29.720","29.585","33.60","66.20","65.80","29.816","29.619","29.481","29.641","16.00","27.00","21.00","21.33","046","115","069","7","West","3","10","West","3","9","North-West","Empty","West","4","West","1","North-West","3","Empty","Empty","Empty","16.00","25.60","20.90","13.20","24.30","18.00","52","84","63","A little snow from west",
1855-12-29,"29.788","29.855","29.850","37.50","68.00","59.70","29.764","29.745","29.783","29.765","-1.00","4.30","8.00","3.77","Empty","Empty","Empty","1","North-West","3","2","North-West","4","10","North-West","3","North-West","3","North-West","3","North-West","2","Empty","Empty","Empty","Retracted","Empty","Empty","Empty","Empty","Empty","Empty","Empty","Empty","Too low temperature for psychrometer",
1855-12-30,"29.330","28.820","29.250","36.00","64.00","66.00","29.319","28.728","29.151","29.066","13.00","37.20","21.00","23.73","074","197","089","10","East","4","10","South-East","4","10","North-West","4","East","4","South-East","3","North-West","4","4 A.M.","1 P.M.","0.45","14.00","36.80","26.30","13.50","35.80","Illegible","91","90","78","Violent snow storm - First sleighing of the season",
1855-12-31,"29.646","29.736","29.700","46.20","61.20","54.00","29.59","29.65","29.64","Empty","14.00","25.60","26.00","21.47","056","085","122","2","North-West","3","1","North-West","2","Empty","Empty","Empty","North-West","2","0","Empty","Empty","Empty","Empty","Empty","Empty","14.00","25.50","25.85","12.20","23.50","24.80","69","61","87","Empty",
1856-01-01,"Retracted","Empty","Empty","Retracted","Empty","Empty","Empty","Empty","Empty","Empty","Retracted","Empty","Empty","Empty","NA","NA","NA","Retracted","Empty","Empty","Empty","Empty","Empty","Empty","Empty","Empty","Empty","Empty","Empty","Empty","Empty","Empty","NA","NA","NA","Empty","Empty","Empty","Empty","Empty","Empty","Empty","Empty","Empty","No record kept today",
1856-01-02,"30.100","30.146","Empty","41.80","61.20","Empty","Empty","Empty","Empty","Empty","9.30","19.10","Empty","Empty","NA","NA","NA","0","Empty","Empty","1","West","2","Empty","Empty","Empty","0","Empty","0","Empty","Empty","Empty","NA","NA","NA","Empty","18.80","Empty","Empty","17.00","Empty","Empty","1.00","Empty","Appearance of snow",
1856-01-03,"29.720","29.710","29.200","39.00","55.00","49.00","29.710","29.648","29.257","29.524","17.00","18.50","26.20","21.57","NA","NA","NA","10","East","4","10","East","4","10","West","Empty","East","4","East","4","West","1","9A.M.","5 P.M.","0.05","16.50","19.40","26.10","15.40","18.40","25.80","1.10","1.00",".30","Snowstorm",
1856-01-04,"29.462","29.578","29.820","39.10","64.40","59.60","29.442","29.483","29.798","29.514","20.00","20.80","10.20","18.33","NA","NA","NA","1","West","4","0","Empty","Empty","0","Empty","Empty","West","4","North-West","4","North-West","4","NA","NA","NA","23.50","20.90","Empty","20.10","16.50","Empty","3.40","4.00","Empty","Fair cold day – good sleighing",
1856-01-05,"30.000","30.077","30.040","32.00","58.00","65.80","30.000","30.000","29.939","29.980","0.00","10.90","7.50","6.03","NA","NA","NA","1","North-West","3","1","North-West","2","10","Empty","Empty","North-West","1","North-West","2","North","1","NA","NA","NA","Empty","Empty","Empty","Empty","Empty","Empty","Empty","Empty","Empty","Appearance of snow again",
1856-01-06,"29.850","29.330","29.490","32.00","54.50","67.80","29.650","29.265","29.385","29.435","12.00","22.00","17.00","17.00","NA","NA","NA","10","North-East","4","10","North-East","5","10","North-West","4","North-East","4","North-East","5","North-West","4","8 A.M.","6 P.M.","0.06","Empty","22.00","17.80","Empty","21.50","15.20","Empty","0.50","2.60","Violent snow storm – drifted – but little received in gauge compared with what fell.",
1856-01-07,"29.720","29.830","29.850","37.00","68.00","71.56","29.720","29.723","29.722","29.725","8.00","18.10","9.70","11.90","NA","NA","NA","0","Empty","Empty","0","Empty","Empty","0","Empty","Empty","North-West","1","North-West","1","South-West","1","NA","NA","NA","Empty","19.00","Empty","Empty","17.20","Empty","Empty","1.80","Empty","Fair day – good sleighing",
1856-01-08,"29.710","29.580","29.370","35.00","60.40","64.20","29.502","29.496","29.277","29.325","4.00","20.90","29.20","18.03","NA","NA","NA","9","South-West","1","10","East","3","10","East","3","North-East","1","East","3","East","2","2 P.M.","Empty","Empty","Empty","21.50","30.00","Empty","21.00","Empty","Empty","0.50","Empty","A light snow again   Fair sleighing",
1856-01-09,"29.200","29.400","29.478","42.00","60.50","70.50","29.271","29.336","29.366","29.323","19.00","9.00","6.00","11.33","NA","NA","NA","10","West","5","6","North-West","6","2","West","3","West","5","North-West","5","West","3","Empty","10 AM","0.16","19.00","Empty","Empty","18.00","Empty","Empty","1.00","Empty","Empty","Stars out at 12 last night, but snowing fast from west this morning",
1856-01-10,"29.350","29.240","29.390","32.00","64.00","67.00","29.350","29.247","29.288","29.328","2.00","9.00","9.40","6.80","NA","NA","NA","1","West-South-West","1","2","West","4","6","West","4","West-South-West","1","West","2","West","3","NA","NA","NA","Empty","Empty","Empty","Empty","Empty","Empty","Empty","Empty","Empty","Squally",
1856-01-11,"29.415","29.522","29.725","33.10","65.00","71.00","29.412","29.425","29.610","29.482","17.00","26.00","18.00","20.33","NA","NA","NA","5","West","4","1","West","4","0","Empty","Empty","West","3","West","3","West","2","NA","NA","NA","17.00","25.50","18.00","14.50","23.00","15.00","2.50","2.50","3.00","Fair day",
1856-01-12,"29.900","30.020","30.002","40.00","66.00","43.80","29.877","29.918","30.007","29.934","8.00","17.40","4.00","9.80","NA","NA","NA","0","Empty","Empty","0","Empty","Empty","0","Empty","Empty","0","Empty","West","1","0","Empty","NA","NA","NA","Empty","17.50","Empty","Empty","18.00","Empty","Empty","2.00","Empty","Fair day",
1856-01-13,"30.000","29.895","29.600","30.50","70.70","68.70","30.004","29.780","29.492","29.759","10.80","18.30","26.00","18.37","NA","NA","NA","7","East","2","10","East","2","10","East","5","South-East","2","East","2","East","5","8 P.M.","Empty","Empty","Empty","19.20","26.00","Empty","18.20","25.20","Empty","1.00",".80","Another snow storm",
1856-01-14,"29.170","29.045","29.045","42.00","60.50","67.00","29.141","28.963","28.944","29.016","29.25","35.20","31.90","32.12","NA","NA","NA","10","East","4","10","East","4","10","East","Empty","East","4","East","3","East","2","Empty","9 P.M.","0.850","29.20","35.50","31.50","29.00","33.30","31.40",".20","2.20",".10","Heavy snow storm – at 10 A.M. turns to mist + continuing most of P.M.",
1856-01-15,"29.062","29.072","29.180","47.50","61.00","68.00","29.017","28.988","29.075","29.060","28.00","25.00","24.00","25.93","NA","NA","NA","10","North-West","3","8","West","3","10","North-West","3","North-West","3","West","3","North-West","3","NA","NA","NA","27.80","25.40","24.50","26.50","24.50","22.50","1.30",".90","2.00","Between two and three feet of snow on a level",
1856-01-16,"29.210","29.250","29.283","44.00","71.50","72.00","29.175","29.135","29.166","29.159","24.50","33.00","21.00","26.17","NA","NA","NA","9","North","2","10","North-West","2","0","Empty","Empty","North","1","North-West","1","0","Empty","NA","NA","NA","24.70","32.15","22.00","23.00","29.00","Empty","1.70","3.15","Empty","this afternoon cleared off fine",
1856-01-17,"29.250","29.181","29.160","45.20","66.00","67.00","29.212","29.082","29.058","29.117","27.00","38.00","33.00","32.80","NA","NA","NA","3","South-West","4","10","South-West","3","10","South-West","2","South-West","4","South-West","2","0","Empty","9 P.M.","NA","NA","27.25","38.60","33.30","25.80","35.00","33.15","1.45","3.60","0.15","Snowing slightly at 9 P.M.",
1856-01-18,"29.230","29.310","29.435","49.20","65.00","73.10","29.180","29.214","29.315","29.236","25.20","29.40","23.00","25.87","NA","NA","NA","5","North-West","3","6","North-West","3","6","North-West","3","North-West","1","North-West","3","North-West","2","NA","NA","NA","25.30","29.00","23.40","23.10","25.30","19.00","2.20","3.20","4.44","NA",
1856-01-19,"29.441","29.400","29.336","46.00","67.00","40.30","29.400","29.298","29.012","29.237","20.00","26.40","5.00","17.13","NA","NA","NA","10","South-West","3","10","North-West","3","3","North-West","4","South-West","1","North-West","1","North-West","3","NA","NA","NA","20.20","25.30","Empty","20.00","24.00","Empty","0.20","1.30","Empty","NA",
1856-01-20,"29.336","29.336","29.320","32.00","62.30","71.00","29.336","29.248","29.206","29.263","8.00","13.00","11.80","10.93","NA","NA","NA","3","North-West","5","2","West","3","0","Empty","Empty","North-West","4","West","3","0","Empty","NA","NA","NA","Empty","Empty","Empty","Empty","Empty","Empty","Empty","Empty","Empty","NA",
1856-01-21,"29.210","29.220","29.242","41.00","64.30","67.00","29.184","29.127","29.130","29.147","6.70","20.00","17.00","14.57","NA","NA","NA","4","South-West","2","6","North-West","1","1","North-West","1","South-West","1","North-West","1","0","Empty","NA","NA","NA","Empty","19.50","17.00","Empty","16.50","16.00","Empty","3.00","1.00","NA",
1856-01-22,"29.226","29.290","29.360","43.00","64.00","72.00","29.194","29.197","29.243","29.211","18.00","21.80","18.20","19.27","NA","NA","NA","6","North-West","3","2","West","1","0","Empty","Empty","West-South-West","1","West","1","0","Empty","NA","NA","NA","18.00","21.50","19.00","17.00","19.00","16.50","1.00","2.50",".50","Fine day fine sleighing",
1856-01-23,"29.330","29.250","29.450","44.50","67.85","61.00","29.294","29.245","29.365","29.301","14.00","22.50","20.00","18.83","NA","NA","NA","1","West-South-West","2","10","North-West","3","10","North-West","3","West-South-West","2","North-West","3","North-West","3","NA","NA","NA","14.00","22.00","20.10","13.00","19.00","17.00","1.00","3.00","3.10","Fine day fine sleighing",
1856-01-24,"29.480","29.490","29.435","43.10","53.00","80.00","29.448","29.329","29.294","29.357","17.00","29.80","28.00","24.93","NA","NA","NA","0","Empty","Empty","1","North-West","2","1","West","2","North-West","1","North-West","2","West","2","NA","NA","NA","17.15","29.30","28.25","16.00","26.50","26.30","1.15","2.80","1.95","Fine day fine sleighing",
1856-01-25,"29.167","29.210","29.445","48.00","47.50","67.00","29.121","29.167","29.342","29.210","21.00","10.15","3.00","11.38","NA","NA","NA","9","North-West","5","8","North-West","5","6","North-West","5","North-West","4","North-West","4","North-West","4","NA","NA","NA","21.00","Empty","Empty","18.00","Empty","Empty","3.00","Empty","Empty","Squally + cold",
1856-01-26,"29.430","29.430","29.480","29.80","45.10","67.00","29.436","29.380","29.377","29.398","2.00","12.00","11.20","8.40","NA","NA","NA","1","North-West","3","0","Empty","Empty","0","Empty","Empty","North-West","1","North-West","2","North-West","3","NA","NA","NA","Empty","Empty","Empty","Empty","Empty","Empty","Empty","Empty","Empty","NA",
1856-01-27,"29.340","29.360","29.410","43.00","62.30","58.00","29.308","29.272","29.234","29.305","15.00","18.50","17.15","16.88","NA","NA","NA","0","Empty","Empty","0","Empty","Empty","0","Empty","Empty","North-West","5","North-West","5","North-West","3","NA","NA","NA","15.10","18.20","17.30","13.50","14.80","13.50","1.60","3.40","3.80","Fine day  Zodiacal light (fine)",
1856-01-28,"29.425","29.380","29.422","42.00","53.00","60.20","29.356","29.319","29.340","29.352","6.00","10.50","5.00","7.17","NA","NA","NA","0","Empty","Empty","0","Empty","Empty","1","South-West","1","0","Empty","0","Empty","East","1","NA","NA","NA","Empty","Retracted","Retracted","Empty","Retracted","Empty","Empty","Retracted","Empty","Appearance of snow",
1856-01-29,"29.521","29.564","29.542","36.00","49.00","55.00","29.510","29.514","29.475","29.500","-5.00","16.00","22.00","11.00","NA","NA","NA","1","North-West","1","2","West","1","10","West","3","North-West","1","West","1","West","3","10 P.M.","Empty","Empty","Empty","16.00","22.90","Empty","15.00","21.00","Empty","1.00","1.50","Appearance of snow – fine sleighing",
1856-01-30,"29.300","29.185","29.250","45.00","63.50","65.00","29.262","29.094","29.154","29.170","29.00","29.00","18.00","25.33","NA","NA","NA","10","Empty","Empty","10","West-South-West","3","1","West","2","0","Empty","West-South-West","2","0","Empty","NA","NA","NA","29.00","28.10","18.50","28.50","25.00","17.00",".50","3.10","1.50","Snowed slowly most of day – a light snow",
1856-01-31,"29.300","29.3600","29.500","44.00","48.00","64.80","29.265","29.314","29.404","29.328","12.00","28.00","16.50","19.17","NA","NA","NA","2","North-West","1","8","North-West","1","0","Empty","Empty","North-West","1","North-West","1","Empty","Empty","NA","NA","NA","Empty","25.10","18.10","Empty","23.00","Empty","Empty","2.00","Empty","Aurora",
1856-02-01,"29.550","29.530","29.420","42.50","64.80","68.00","29.519","29.434","29.315","29.423","12.00","19.00","12.00","14.33","NA","NA","NA","4","West","1","2","West","2","0","Retracted","Retracted","0","Retracted","West","1","East","1","NA","NA","NA","Empty","19.00","Empty","Empty","Empty","Empty","NA","NA","NA","Fine weather and sleighing - zodiacal light",
1856-02-02,"29.180","28.900","29.020","39.50","65.00","68.20","29.159","28.805","28.915","28.960","16.00","31.50","16.20","21.23","NA","NA","NA","10","East","3","10","West","4","0","Retracted","Retracted","East","2","West","3","West","3","8 am","2 pm","0.33","16.00","31.00","16.30","15.00","29.50","13.50","1.00","1.50","2.80","Snows during morning - clears away at 2 pm - but squally after",
1856-02-03,"28.950","28.933","28.958","40.00","70.10","67.70","28.927","28.823","28.855","28.888","8.00","14.60","14.00","12.20","NA","NA","NA","3","North-West","5","6","West","5","10","West","4","North-West","4","West","4","West","3","NA","NA","NA","NA","NA","NA","NA","NA","NA","NA","NA","NA","Squally all day",
1856-02-04,"29.030","29.100","29.200","40.00","52.00","65.00","29.007","29.042","29.114","29.054","5.10","13.00","11.10","9.73","NA","NA","NA","6","West","4","7","West","5","8","West","3","West","3","West","3","West","2","NA","NA","NA","NA","NA","NA","NA","NA","NA","NA","NA","NA","Squally and blustering",
1856-02-05,"29.190","29.220","29.390","41.00","52.90","68.00","29.164","29.159","29.285","29.203","6.00","13.20","16.00","11.73","NA","NA","NA","7","West","4","5","West","5","8","West","5","West","3","West","4","West","4","NA","NA","NA","NA","NA","NA","NA","NA","NA","NA","NA","NA","Blustering",
1856-02-06,"29.600","29.711","29.860","46.00","60.30","69.90","29.559","29.627","29.747","29.644","15.00","18.50","16.24","16.58","NA","NA","NA","0","Retracted","Retracted","0","Retracted","Retracted","0","Retracted","Retracted","North-West","2","North-West","4","North-West","3","NA","NA","NA","15.00","18.30","16.60","13.00","15.50","13.30","2.00","2.80","3.30","Fine day - much snow - large drifts - Fine Aurora",
1856-02-07,"29.884","29.824","29.550","40.00","66.00","74.00","29.861","29.723","29.426","29.670","12.20","19.90","22.00","18.03","NA","NA","NA","2","West","1","10","East","4","10","South-East","3","0","Retracted","East","3","South-East","3","1 pm","Empty","Empty","Empty","21.50","22.50","Empty","20.80","22.40","Empty","0.70","0.10","Empty",
1856-02-08,"29.380","29.441","29.530","52.00","69.00","67.80","29.322","29.333","29.425","29.360","32.00","29.00","20.00","27.00","NA","NA","NA","8","North-West","2","1","North-West","3","0","Retracted","Retracted","North-West","1","North-West","3","North-West","1","Empty","4 am","0.20","31.50","28.50","21.00","29.00","24.70","19.00","1.50","3.80","2.00","Fine day - Slight Aurora",
1856-02-09,"29.550","29.430","29.400","43.00","66.00","65.00","29.518","29.330","29.298","29.382","13.00","22.00","16.00","17.00","NA","NA","NA","1","West","1","9","East","2","10","East-North-East","2","North-West","2","East","2","East-North-East","2","NA","NA","NA","Empty","23.40","17.00","Empty","21.00","16.00","Empty","2.00","1.00","Snows slowly at seven pm",
1856-02-10,"29.490","29.625","29.700","38.00","66.20","65.00","29.473","29.524","29.602","29.533","10.00","17.00","15.00","14.00","NA","NA","NA","4","North-West","3","1","North-West","3","4","West","4","North-West","1","North-West","1","West","3","NA","NA","NA","NA","NA","NA","NA","NA","NA","NA","NA","NA","Fine day - good sleighing",
1856-02-11,"29.660","29.622","29.600","38.50","56.00","69.40","29.631","29.522","29.590","29.581","16.00","37.00","36.00","29.67","NA","NA","NA","1","North-West","1","9","West-South-West","4","2","South-West","4","West-South-West","3","West-South-West","2","South-West","3","NA","NA","NA","16.10","36.10","36.30","15.00","32.00","34.00","1.00","4.10","2.30","Empty",
1856-02-12,"29.250","28.780","28.630","48.00","62.20","74.00","29.204","28.694","28.510","28.803","39.50","43.00","38.00","40.17","NA","NA","NA","3","South-West","3","10","South-West","5","10","South-West","5","South-West","5","South-West","4","South-West","5","6 am","11 1/2 pm","0.40","39.40","42.50","36.80","37.00","41.20","32.00","2.40","1.30","4.80","Rain - heavy wind - showery",
1856-02-13,"29.050","29.250","29.420","47.00","62.00","67.00","29.007","29.163","29.318","29.163","10.50","9.50","7.00","9.00","NA","NA","NA","2","West","5","4","West","5","4","West","5","West","4","West","5","West","4","NA","NA","NA","NA","NA","NA","NA","NA","NA","NA","NA","NA","Squally - heavy wind",
1856-02-14,"29.500","29.520","29.590","32.00","50.80","67.10","29.500","29.465","29.487","29.484","-2.00","8.00","11.00","5.67","NA","NA","NA","4","West","4","1","West","5","4","West","4","West","3","West","4","West","3","NA","NA","NA","NA","NA","NA","NA","NA","NA","NA","NA","NA","Squally",
1856-02-15,"29.630","29.625","29.540","37.20","65.40","67.00","29.615","29.527","29.437","29.526","6.00","22.40","23.25","17.22","NA","NA","NA","1","West","3","2","South-West","3","2","South-West","2","West","1","South-West","3","South-West","2","NA","NA","NA","NA","NA","NA","NA","NA","NA","NA","NA","NA","Some appearance of storm",
1856-02-16,"29.372","29.158","28.950","50.00","59.10","68.50","29.319","29.079","28.845","29.081","28.80","38.00","34.00","33.60","NA","NA","NA","9","South","4","10","South-East","4","10","South-East","3","South","2","South-East","3","South-East","2","10 am","Empty","0.90","28.50","36.30","35.00","27.50","34.50","34.50","1.00","1.80","0.50","Light snow in morning - at 4 pm rains",
1856-02-17,"29.070","29.010","28.450","52.00","72.00","72.00","29.012","28.894","28.337","28.748","36.00","41.00","35.40","37.47","NA","NA","NA","9","South-West","2","9","South-East","4","10","South-East","4","0","Retracted","South-East","3","South-East","3","NA","NA","NA","36.20","39.50","36.00","34.20","34.50","35.50","2.00","5.00","0.50","No storm am but rains at 5 pm",
1856-02-18,"28.325","28.663","28.885","44.00","59.00","67.70","28.303","28.588","28.782","28.557","26.00","26.00","19.00","23.67","NA","NA","NA","5","West","5","7","West","5","10","West","4","West","5","West","4","West","3","NA","NA","NA","25.40","25.30","19.10","24.00","22.00","Empty","1.40","3.30","Empty","Squally - high wind [?] night",
1856-02-19,"29.000","29.123","29.270","44.00","63.10","79.00","28.966","29.033","29.133","29.044","15.00","18.70","20.00","17.90","NA","NA","NA","5","West","3","8","West","4","8","North-West","4","West","2","West","3","North-West","3","NA","NA","NA","15.00","18.00","20.20","14.00","15.10","17.20","1.00","2.90","3.00","Empty",
1856-02-20,"29.260","29.182","29.182","41.50","59.30","68.90","29.233","29.103","29.075","29.137","15.00","24.00","25.00","21.33","NA","NA","NA","1","North-West","2","1","North-West","2","1","West","2","North-West","1","North-West","2","West","2","NA","NA","NA","15.00","24.00","25.40","13.50","20.00","23.00","1.50","4.00","2.44","Empty",
1856-02-21,"29.090","29.090","29.200","47.00","59.20","67.60","29.047","29.011","29.097","29.052","24.00","32.00","25.50","27.17","NA","NA","NA","5","West","4","3","West","4","3","West","4","West","3","West","3","West","3","NA","NA","NA","24.20","31.40","25.50","22.50","27.00","21.00","1.70","4.40","4.50","Fine weather and fine sleigh",
1856-02-22,"29.180","29.200","29.310","48.00","57.50","72.80","29.134","29.126","29.191","29.150","25.00","30.00","26.00","27.00","NA","NA","NA","0","Retracted","Retracted","0","Retracted","Retracted","0","Retracted","Retracted","West","2","West","3","North-West","1","NA","NA","NA","25.20","29.50","26.50","22.00","25.20","24.90","3.20","4.30","1.60","Fine day",
1856-02-23,"29.320","29.320","29.220","49.50","68.20","65.50","29.269","29.214","29.123","29.202","17.00","35.00","29.61","27.20","NA","NA","NA","2","North-West","1","1","North-West","1","0","Retracted","Retracted","0","Retracted","0","Retracted","0","Retracted","NA","NA","NA","17.50","34.40","30.10","16.00","31.00","27.00","1.50","3.40","3.10","Beautiful weather",
1856-02-24,"29.000","29.005","29.100","50.00","67.00","69.20","28.948","28.904","28.992","28.948","27.50","32.00","24.00","27.83","NA","NA","NA","10","North-West","Empty","8","North","3","2","North-West","2","North-West","1","North-West","2","0","Retracted","NA","NA","NA","27.50","31.00","25.00","26.50","28.00","23.80","1.00","3.00","1.20","A light snow most of day - stars out at 9 pm",
1856-02-25,"29.100","29.100","29.300","47.00","59.00","63.00","29.057","29.022","29.210","29.096","17.00","23.00","28.00","22.67","NA","NA","NA","8","North-West","4","8","North-West","4","10","North-West","4","North-West","2","North-West","3","North-West","3","NA","NA","NA","17.00","23.00","28.00","15.00","19.00","23.00","2.00","4.00","5.00","Empty",
1856-02-26,"29.000","29.011","29.100","46.00","58.90","64.20","28.960","28.833","29.007","28.933","22.00","27.00","25.00","28.00","NA","NA","NA","9","North-West","4","0","Retracted","Retracted","0","Retracted","Retracted","North-West","3","North-West","4","West","4","NA","NA","NA","22.00","27.00","25.00","20.00","23.00","21.00","2.00","4.00","4.00","Empty",
1856-02-27,"29.180","29.240","29.340","44.50","59.00","71.50","29.144","29.162","29.225","29.177","19.00","27.90","28.00","24.97","NA","NA","NA","0","Retracted","Retracted","0","Retracted","Retracted","0","Retracted","Retracted","North-West","3","West","4","West","3","NA","NA","NA","19.00","27.45","28.00","17.00","22.40","23.00","2.00","5.05","5.00","Fine day - excellent sleighing still",
1856-02-28,"29.340","29.400","29.445","48.00","67.30","67.50","29.294","29.297","29.341","29.311","15.00","24.80","23.20","21.00","NA","NA","NA","0","Retracted","Retracted","0","Retracted","Retracted","0","Retracted","Retracted","West","1","West","3","West","2","NA","NA","NA","15.30","24.45","23.40","13.00","20.00","17.00","2.30","4.45","6.40","Empty",
1856-02-29,"29.500","29.520","29.570","45.00","60.00","66.10","29.462","29.438","29.470","29.457","10.00","29.90","21.00","20.30","NA","NA","NA","0","Retracted","Retracted","0","Retracted","Retracted","0","Retracted","Retracted","0","Retracted","West","2","West","1","NA","NA","NA","Empty","29.00","21.50","Empty","23.00","18.50","Empty","6.00","3.00","Fine weather",
1856-03-01,"29.650","29.666","29.731","45.20","64.00","64.00","29.611","29.572","29.636","29.606","14.00","23.50","19.00","18.83","Empty","Empty","Empty","0","Retracted","Empty","0","Retracted","Empty","0","Empty","Retracted","0","Empty","North-West","4","0","Empty","Empty","Empty","Empty","14.20","23.10","19.50","12.80","18.40","15.00","2.20","4.70","4.50","Beautiful day - fine zodiacal light in evening",
1856-03-02,"29.700","29.376","28.810","40.60","63.50","67.20","29.675","29.284","28.709","29.223","13.80","21.00","40.00","24.93","Empty","Empty","Empty","9","East","Empty","10","East","5","10","South-East","5","South-East","3","East","4","South-East","4","09:00","Empty",".60","Empty","20.30","39.50","Empty","19.70","38.90","Empty",".60","1.00","Violent snow(?) storms from S.E.",
1856-03-03,"29.000","29.190","29.410","44.00","62.50","62.00","28.966","29.101","29.322","28.796","26.00","24.50","18.00","23.17","Empty","Empty","Empty","4","West","5","4","West","5","1","North-West","5","West","4","West","5","North-West","6","Empty","Empty","Empty","21.20","23.40","17.00","18.00","19.00","14.20","NA","NA","NA","Empty",
1856-03-04,"29.600","29.682","29.688","39.20","56.00","71.00","29.427","29.617","29.565","29.570","14.00","22.00","21.00","19.00","Empty","Empty","Empty","0","Retracted","Retracted","0","Retracted","Retracted","10","West","Empty","North-West","Empty","North-West","3","West","2","20:00","Empty","Empty","14.00","21.40","22.00","12.50","17.00","20.20","1.50","4.40","1.80","Fine day - overcast at 7 pm - light (snow?) at 8",
1856-03-05,"29.160","29.300","29.770","44.00","57.40","71.70","29.120","29.226","29.652","29.333","25.30","29.00","23.00","22.50","Empty","Empty","Empty","4","North-West","5","4","North-West","5","4","North-West","3","North-West","6","North-West","6","North-West","3","Empty","Empty","Empty","Empty","28.00","23.30","Empty","24.00","19.00","Empty","4.00","4.30","Very high wind at 4 am - Aurora",
1856-03-06,"29.840","Empty","Empty","44.90","Empty","Empty","Empty","Empty","Empty","Empty","19.00","37.00","30.00","28.67","Empty","Empty","Empty","5","West","3","5","South-West","3","10","South-South-East","Empty","South-West","3","South-West","3","South-South-East","4","21:00","Empty","Empty","20.00","36.00","30.00","18.00","33.00","28.00","2.00","3.00","2.00","Fall of snow three or four inches",
1856-03-07,"Empty","Empty","Empty","Empty","Empty","Empty","Empty","Empty","Empty","Empty","27.00","30.45","24.00","27.13","Empty","Empty","Empty","8","North-West","2","5","North-West","4","2","North-West","3","North-West","2","North-West","6","North-West","3","Empty","Empty","Empty","27.25","29.45","24.00","26.00","26.00","21.00","1.25","3.45","3.00","NA",
1856-03-08,"Empty","Empty","Empty","Empty","Empty","Empty","Empty","Empty","Empty","Empty","11.50","37.00","27.80","25.43","Empty","Empty","Empty","2","West","4","3","West","4","2","West","4","North-West","1","West","1","West","1","Empty","Empty","Empty","Empty","36.00","26.00","Empty","30.00","22.00","Empty","Illegible","4.00","Fine day",
1856-03-09,"Empty","Empty","Empty","Empty","Empty","Empty","Empty","Empty","Empty","Empty","13.00","13.80","11.00","12.60","Empty","Empty","Empty","5","West","4","4","West","6","2","West","3","West","4","West","6","West","3","Empty","Empty","Empty","Empty","Empty","Empty","Empty","Empty","Empty","Empty","Empty","Empty","A (crossed out) blustery day",
1856-03-10,"Empty","Empty","Empty","Empty","Empty","Empty","Empty","Empty","Empty","Empty","2.00","16.50","10.50","9.67","Empty","Empty","Empty","0","Retracted","Empty","8","West","2","0","Retracted","Empty","West","1","West","1","North-West","3","Empty","Empty","Empty","Empty","15.00","Empty","Empty","12.00","Empty","Empty","3.00","Empty","Empty",
1856-03-11,"Empty","Empty","Empty","Empty","Empty","Empty","Empty","Empty","Empty","Empty","5.00","17.30","17.20","13.17","Empty","Empty","Empty","0","Retracted","Empty","4","North-West","6","5","North-West","4","North-West","3","North-West","5","North-West","4","Empty","Empty",".10","Empty","16.30","17.20","Empty","13.00","16.50","Empty","3.30",".70","Very blustery with snow squalls",
1856-03-12,"Empty","Empty","Empty","Empty","Empty","Empty","Empty","Empty","Empty","Empty","15.00","12.80","9.00","12.27","Empty","Empty","Empty","10","South-West","Empty","2","North-West","3","3","North-West","4","South-West","2","North-West","3","North-West","4","Empty","Empty","Empty","15.00","12.80","Empty","14.00","Empty","Empty","1.00","Empty","Empty","Empty",
1856-03-13,"Empty","Empty","Empty","Empty","Empty","Empty","Empty","Empty","Empty","Empty","7.00","26.20","38.00","23.73","Empty","Empty","Empty","3","North-West","5","5","North","6","3","North","3","North-West","5","North-West","5","North-West","1","Empty","Empty",".03","Empty","26.50","38.00","Empty","23.00","33.00","Empty","3.50","5.00","Blustering",
1856-03-14,"Empty","Empty","Empty","Empty","Empty","Empty","Empty","Empty","Empty","Empty","27.90","44.00","32.00","34.63","Empty","Empty","Empty","0","Retracted","Empty","0","Retracted","Empty","0","Retracted","Empty","0","Retracted","West","1","West","1","Empty","Empty","Empty","27.20","43.00","33.00","24.00","35.00","29.00","3.90","8.00","4.00","Very fresh - 2(illegible) like (?)",
1856-03-15,"Empty","Empty","Empty","Empty","Empty","Empty","Empty","Empty","Empty","Empty","31.00","41.00","30.00","34.00","Empty","Empty","Empty","8","West","2","5","West","2","0","Retracted","Empty","West","1","West","1","0","Retracted","Empty","Empty","Empty","31.10","40.00","29.50","28.90","34.00","27.00","2.90","6.00","2.80","Empty",
1856-03-16,"Empty","Empty","Empty","Empty","Empty","Empty","Empty","Empty","Empty","Empty","27.00","32.50","27.00","28.83","Empty","Empty","Empty","0","Retracted","Empty","0","Retracted","Empty","0","Retracted","Empty","North-West","2","North-West","5","North-West","1","Empty","Empty","Empty","26.80","32.10","27.35","22.20","24.00","22.00","4.20","5.10","5.35","Very fine",
1856-03-17,"Empty","Empty","Empty","Empty","Empty","Empty","Empty","Empty","Empty","Empty","25.00","32.10","27.00","28.03","Empty","Empty","Empty","7","North-West","2","8","North-West","2","0","Retracted","Empty","West","2","North-West","Empty","North-West","2","Empty","Empty","Empty","25.00","31.40","27.00","21.80","27.00","22.00","3.20","4.40","5.00","Empty",
1856-03-18,"Empty","Empty","Empty","Empty","Empty","Empty","Empty","Empty","Empty","Empty","20.50","26.00","24.00","23.50","Empty","Empty","Empty","0","Retracted","Empty","0","Retracted","Empty","0","Retracted","Empty","North-West","2","North-West","4","North-West","2","Empty","Empty","Empty","20.50","25.30","24.40","17.30","20.90","20.00","3.20","5.00","4.40","Fine",
1856-03-19,"Empty","Empty","Empty","Empty","Empty","Empty","Empty","Empty","Empty","Empty","11.00","34.85","24.10","23.32","Empty","Empty","Empty","0","Retracted","Empty","0","Retracted","Empty","0","Retracted","Empty","West","1","West","2","West","1","Empty","Empty","Empty","Empty","34.00","26.00","Retracted","28.00","22.00","Empty","6.00","4.00","Very fine",
1856-03-20,"Empty","Empty","Empty","Empty","Empty","Empty","Empty","Empty","Empty","Empty","19.00","47.25","32.00","32.75","Empty","Empty","Empty","2","West","2","9","West","2","3","West","3","West","1","West","2","West","1","Empty","Empty","Empty","19.00","47.00","32.00","18.00","43.00","29.80","1.00","4.00","2.20","Empty",
1856-03-21,"Empty","Empty","Empty","Empty","Empty","Empty","Empty","Empty","Empty","Empty","28.00","44.00","28.00","33.33","Empty","Empty","Empty","2","West","2","8","West","2","0","Retracted","Empty","West","1","West","1","West","1","Empty","Empty","Empty","27.00","44.00","29.10","24.50","41.70","29.00","2.50","2.30",".10","Fine - Sleighing still",
1856-03-22,"Empty","Empty","Empty","Empty","Empty","Empty","Empty","Empty","Empty","Empty","29.00","41.00","35.00","35.00","Empty","Empty","Empty","10","Empty","Empty","8","Empty","Empty","5","Empty","Empty","Empty","Empty","Empty","Empty","North-West","1","Empty","Empty","Empty","29.00","41.00","34.66","28.20","38.00","32.66",".80","3.00","2.00","Dense fog last night",
1856-03-23,"Empty","Empty","Empty","Empty","Empty","Empty","Empty","Empty","Empty","Empty","26.00","35.00","29.60","30.20","Empty","Empty","Empty","5","East","2","8","East","3","6","East","3","East","2","East","3","East","3","Empty","Empty","Empty","26.50","35.20","30.00","25.00","34.80","27.00","1.50","4.40","3.00","Retracted",
1856-03-24,"Empty","Empty","Empty","Empty","Empty","Empty","Empty","Empty","Empty","Empty","26.00","35.00","24.50","28.50","Empty","Empty","Empty","3","East","3","1","North-East","Empty","0","Empty","Empty","North-East","2","North-East","3","0","Empty","Empty","Empty","Empty","26.00","34.00","26.30","22.60","27.00","23.30","3.40","7.00","3.00","Empty",
1856-03-25,"Empty","Empty","Empty","Empty","Empty","Empty","Empty","Empty","Empty","Empty","19.00","37.10","23.90","26.67","Empty","Empty","Empty","0","Empty","Empty","0","Empty","Empty","0","Empty","Empty","0","Empty","North-East","2","0","Empty","Empty","Empty","Empty","18.50","37.20","25.10","18.00","31.80","22.40",".50","5.40","2.70","Empty",
1856-03-26,"Empty","Empty","Empty","Empty","Empty","Empty","Empty","Empty","Empty","Empty","20.85","36.00","31.00","29.28","Empty","Empty","Empty","0","Empty","Empty","0","Empty","Empty","9","West","Empty","West","1","North-West","3","West","2","Empty","Empty","Empty","20.50","35.00","31.00","18.10","26.20","26.00","2.40","8.80","5.00","Empty",
1856-03-27,"Empty","Empty","Empty","Empty","Empty","Empty","Empty","Empty","Empty","Empty","28.00","35.50","28.00","30.50","Empty","Empty","Empty","2","North-West","3","3","West","4","0","Empty","Empty","North-West","2","West","3","West","1","Empty","Empty","Empty","27.60","34.00","29.00","25.00","27.00","26.00","2.60","2.00","3.00","Empty",
1856-03-28,"Empty","Empty","Empty","Empty","Empty","Empty","Empty","Empty","Empty","Empty","25.00","32.60","25.80","27.80","Empty","Empty","Empty","5","West","2","1","West","4","2","West","Empty","Empty","3","West","4","West","2","Empty","Empty","Empty","25.00","32.00","25.80","23.00","26.00","22.00","2.00","6.00","3.80","Empty",
1856-03-29,"Empty","Empty","Empty","Empty","Empty","Empty","Empty","Empty","Empty","Empty","23.00","27.00","29.00","26.33","Empty","Empty","Empty","8","South West","Empty","8","West","4","3","West","3","West","3","West","4","West","3","Empty","Empty","Empty","22.60","25.85","29.00","20.00","23.00","25.60","2.60","2.85","3.40","Sleighing still - but snow disappearing fast",
1856-03-30,"Empty","Empty","Empty","Empty","Empty","Empty","Empty","Empty","Empty","Empty","26.00","36.00","31.00","31.00","Empty","Empty","Empty","4","North-West","Empty","1","North-West","3","0","Empty","Empty","North-West","Empty","North-West","3","North-West","1","Empty","Empty","Empty","25.20","35.20","31.00","24.20","30.50","27.00","1.00","4.70","4.00","Zodiacal lights & Aurora",
1856-03-31,"Empty","Empty","Empty","Empty","Empty","Empty","Empty","Empty","Empty","Empty","30.30","35.50","24.00","29.93","Empty","Empty","Empty","9","North-West","1","1","North-West","4","0","Empty","Empty","Empty","Empty","Empty","Empty","0","Empty","Empty","Empty","Empty","29.50","35.20","24.80","Empty","31.00","21.00","Empty","4.20","3.80","Fine weather",
1856-04-01,"NA","NA","NA","NA","NA","NA","NA","NA","NA","NA","19.00","36.00","31.00","28.67",".079",".062","Empty","0","Empty","Empty","0","Empty","Empty","0","Empty","Empty","0","Empty","West","4","West","3","NA","NA","NA","19.00","35.20","31.10","17.50","27.70","Empty","2.50","7.50","Empty","Fine day – snow wearing away fast",
1856-04-02,"NA","NA","NA","NA","NA","NA","NA","NA","NA","NA","32.00","45.20","34.80","37.33",".106",".066",".105","0","Empty","Empty","0","Empty","Empty","0","Empty","Empty","West","1","West","3","0","Empty","NA","NA","NA","32.00","44.80","35.00","28.00","34.50","29.83","4.00","10.30","5.07","Very fine – roads becoming settled which lead east or west – more leading north & south – Snow know feet deep",
1856-04-03,"NA","NA","NA","NA","NA","NA","NA","NA","NA","NA","38.50","51.50","46.00","45.33",".169",".277",".262","7","West","3","10","West","Empty","10","West","Empty","West","3","West","1","West","1","PM 1","Empty","Empty","38.00","50.50","46.00","35.22","47.00","44.00","2.78","3.50","2.00","NA",
1856-04-04,"NA","NA","NA","NA","NA","NA","NA","NA","NA","NA","47.50","58.00","41.70","49.07",".279",".121",".197","8","South-West","2","8","West","2","0","Empty","Empty","South-West","1","South-West","1","0","Empty","Empty","AM 2",".15","47.50","55.00","40.50","45.50","51.00","38.00","2.00","4.00","2.50","NA",
1856-04-05,"NA","NA","NA","NA","NA","NA","NA","NA","NA","NA","42.00","39.60","39.80","37.13",".235",".213",".219","10","North-East","Empty","9","North-East","1","10","Empty","Empty","North-East","1","North-East","1","Empty","Empty","PM 1","PM 6",".12","41.00","41.12","40.50","40.00","39.10","39.00","1.00","2.02","1.50","Dense fog – showering",
1856-04-06,"NA","NA","NA","NA","NA","NA","NA","NA","NA","NA","35.50","39.30","35.20","36.33",".191",".203",".193","10","East","Empty","10","East","Empty","10","East","3","East","2","East","1","East","2","PM 5","Empty",".16","36.00","40.00","35.30","35.00","38.00","35.00","1.00","2.00",".80","Dense fog – rain in afternoon",
1856-04-07,"NA","NA","NA","NA","NA","NA","NA","NA","NA","NA","34.00","43.00","35.50","37.50",".166",".172",".166","10","East","Empty","4","North-West","4","0","Empty","Empty","North-West","3","North-West","3","0","Empty","NA","NA","NA","33.20","42.00","35.50","32.00","37.80","33.50","1.20","4.20","2.00","NA",
1856-04-08,"NA","NA","NA","NA","NA","NA","NA","NA","NA","NA","39.40","58.00","44.00","47.13",".146",".169",".172","0","Empty","Empty","1","North-West","2","0","Empty","Empty","0","Empty","North-West","4","North-West","1","NA","NA","NA","39.40","51.30","44.10","35.00","45.00","39.00","4.40","12.00","5.10","Fine day – quite like spring",
1856-04-09,"NA","NA","NA","NA","NA","NA","NA","NA","NA","NA","42.50","50.50","Empty","Empty",".171",".200","Retracted","0","Empty","Empty","1","West","1","0","Empty","Empty","0","Empty","North-East","2","Empty","Empty","NA","NA","NA","42.50","50.40","Empty","35.00","43.80","Empty","4.50","6.60","Empty","NA",
1856-04-10,"NA","NA","NA","NA","NA","NA","NA","NA","NA","NA","44.00","52.00","31.00","42.33",".205",".117","Retracted","4","South-West","3","5","West-South-West","4","0","Empty","Empty","South-West","5","West-South-West","4","West","5","NA","NA","NA","43.35","50.80","31.00","40.00","40.50","25.80","3.35","10.30","5.20","A shower in the morning",
1856-04-11,"NA","NA","NA","NA","NA","NA","NA","NA","NA","NA","29.00","42.60","37.20","36.27",".073",".238",".101","0","Empty","Empty","0","Empty","Empty","0","Empty","Empty","North-West","4","North-West","3","0","Empty","NA","NA","NA","28.50","42.00","37.20","23.80","31.90","31.00","4.70","10.10","6.20","Cool but fine",
1856-04-12,"NA","NA","NA","NA","NA","NA","NA","NA","NA","NA","41.10","55.10","45.00","47.07",".134",".181",".244","0","Empty","Empty","6","South-West","4","9","West-South-West","4","West","3","South-West","3","West-South-West","4","PM 3 1/2","PM 9",".15","40.85","54.00","44.90","35.30","45.00","42.64","5.55","9.00","2.26","A shower",
1856-04-13,"NA","NA","NA","NA","NA","NA","NA","NA","NA","NA","19.80","28.15","27.00","24.98",".050",".148",".076","0","Empty","Empty","0","Empty","Empty","0","Empty","Empty","North-West","4","North-West","3","North-West","3","NA","NA","NA","19.40","28.00","27.00","16.00","22.00","23.00","3.40","6.00","4.00","Cool",
1856-04-14,"NA","NA","NA","NA","NA","NA","NA","NA","NA","NA","31.50","48.00","35.10","38.53",".100",".092",".128","0","Empty","Empty","0","Empty","Empty","3","West","Empty","North-West","Empty","North-West","3","West","2","NA","NA","NA","31.04","47.20","36.00","27.00","37.20","31.90","4.04","10.00","4.10","NA",
1856-04-15,"NA","NA","NA","NA","NA","NA","NA","NA","NA","NA","37.00","50.00","33.00","40.00",".180",".158",".138","4","West","3","0","Empty","Empty","1","North-West","2","West","2","North-West","2","North-West","1","NA","NA","NA","36.00","50.00","34.00","34.50","41.80","31.00","1.50","8.20","3.00","A shower last night  fine day",
1856-04-16,"NA","NA","NA","NA","NA","NA","NA","NA","NA","NA","29.00","38.00","32.40","33.13",".107",".097",".076","0","Empty","Empty","0","Empty","Empty","0","Empty","Empty","North-East","3","North-East","2","West-South-West","4","NA","NA","NA","28.80","38.00","33.00","26.00","31.50","27.00","2.80","6.50","6.00","fine but cool",
1856-04-17,"NA","NA","NA","NA","NA","NA","NA","NA","NA","NA","33.70","49.00","43.50","41.93",".158",".143",".180","1","West","5","8","West-South-West","4","4","West-North-West","4","West","3","West-South-West","4","Retracted","Retracted","NA","NA","NA","33.10","48.00","43.50","31.50","40.00","39.00","1.60","8.00","4.60","NA",
1856-04-18,"NA","NA","NA","NA","NA","NA","NA","NA","NA","NA","33.80","40.00","32.10","35.20",".107",".134",".141","8","North-East","2","8","North-East","2","0","Empty","Empty","North-East","3","North-East","1","West","1","NA","NA","NA","33.50","37.20","32.20","25.00","33.00","30.00","4.50","4.20","2.20","Appearance of rain in morning but clear at evening",
1856-04-19,"NA","NA","NA","NA","NA","NA","NA","NA","NA","NA","35.00","51.00","39.30","41.77",".185",".132",".127","1","West","Empty","0","Empty","Empty","0","Empty","Empty","West","1","North-West","2","South-West","1","NA","NA","NA","34.50","50.50","39.60","33.80","41.00","34.20",".70","9.00","5.40","Very fine day – many flowers out",
1856-04-20,"NA","NA","NA","NA","NA","NA","NA","NA","NA","NA","41.50","42.10","35.16","39.59",".197",".240",".176","2","North-East","Empty","10","East","3","9","East","3","0","Empty","North-East","1","East","3","1 PM","PM 3",".25","39.50","43.20","36.00","37.40","41.50","34.30","2.10","1.70","1.70","Very bitter rain at intervals during day",
1856-04-21,"NA","NA","NA","NA","NA","NA","NA","NA","NA","NA","35.00","42.50","39.80","37.77",".120",".142",".172","6","East","3","8","East","3","10","East","Empty","East-North-East","3","East-North-East","4","East","3","PM 6","Empty",".10","35.00","42.50","36.70","30.70","36.70","34.50","4.30","5.80","2.20","Chilly weather",
1856-04-22,"NA","NA","NA","NA","NA","NA","NA","NA","NA","NA","38.50","59.00","44.00","47.17",".223",".316",".265","10","Empty","Empty","2","South-West","2","3","South-East","3","0","Empty","South-West","2","South-East","3","NA","NA","NA","38.50","57.50","44.00","38.00","52.00","43.00",".50","5.50","2.00","NA",
1856-04-23,"NA","NA","NA","NA","NA","NA","NA","NA","NA","NA","44.50","54.15","41.00","46.55",".209",".206",".195","5","South-West","5","1","West","5","0","Empty","Empty","West-South-West","3","West","4","0","Empty","NA","NA","NA","43.50","54.00","41.00","40.50","46.00","38.20","3.30","8.00","2.80","NA",
1856-04-24,"NA","NA","NA","NA","NA","NA","NA","NA","NA","NA","42.00","60.00","50.00","50.70",".232",".233",".234","0","Empty","Empty","0","Empty","Empty","5","Empty","Empty","0","Empty","North-West","1","South","2","NA","NA","NA","42.00","60.30","50.00","40.50","50.30","45.00","1.50","10.00","5.00","Fine day",
1856-04-25,"NA","NA","NA","NA","NA","NA","NA","NA","NA","NA","46.00","48.40","34.50","42.97",".191",".103",".072","5","West","1","0","Empty","Empty","0","Empty","Empty","0","Empty","North-East","5","East","3","NA","NA","NA","45.20","48.00","30.50","40.50","38.20","29.00","4.70","9.80","5.20","NA",
1856-04-26,"NA","NA","NA","NA","NA","NA","NA","NA","NA","NA","36.00","51.25","40.00","42.42",".077",".067",".104","0","Empty","Empty","0","Empty","Empty","0","Empty","Empty","West","1","North-East","2","0","Empty","NA","NA","NA","35.40","51.25","38.20","28.60","38.00","32.20","6.80","13.25","6.00","NA",
1856-04-27,"NA","NA","NA","NA","NA","NA","NA","NA","NA","NA","42.50","62.00","51.00","51.83",".140",".140",".073","0","Empty","Empty","2","West","2","4","North-West","2","0","Empty","West","2","West","2","NA","NA","NA","41.50","62.80","50.00","36.00","48.00","39.00","5.50","14.80","12.00","NA",
1856-04-28,"NA","NA","NA","NA","NA","NA","NA","NA","NA","NA","43.00","50.00","39.80","44.27",".164",".151",".164","6","North-West","3","5","Empty","Empty","10","East","Empty","Empty","Empty","East","2","East","3","NA","NA","NA","43.00","50.00","39.80","38.00","41.50","36.00","5.00","8.50","3.80","NA",
1856-04-29,"NA","NA","NA","NA","NA","NA","NA","NA","NA","NA","39.80","39.60","35.50","38.30",".175",".163",".176","10","South","3","10","South","3","10","South-East","Empty","South","1","South-East","2","South-East","1","NA","NA","NA","38.50","39.00","35.60","35.80","35.50","34.00","2.70","3.50","1.60","A little rain today",
1856-04-30,"NA","NA","NA","NA","NA","NA","NA","NA","NA","NA","36.00","37.80","31.50","35.10",".128",".140",".149","8","North-East","3","8","North-East","3","0","Empty","Empty","North-East","3","North-East","3","0","Empty","NA","NA","NA","35.50","38.00","31.70","31.50","33.80","30.10","4.50","4.20","1.40","Cold – snow squalls during day",
1856-05-01,"NA","NA","NA","NA","NA","NA","NA","NA","NA","NA","39.00","56.40","36.00","42.80",".154",".107",".133","0","Empty","Empty","0","Empty","Empty","0","Empty","Empty","North-West","3","North-West","5","North-West","2","NA","NA","NA","38.00","56.00","35.50","34.50","43.00","31.80","67.5","24","65.5","[obstructed] Aurora",
1856-05-02,"NA","NA","NA","NA","NA","NA","NA","NA","NA","NA","34.10","48.10","31.00","39.40",".101",".062",".113","0","Empty","Empty","1","North-West","1","7","Empty","Empty","East","2","North-West","2","North-East","2","NA","NA","NA","34.00","47.50","36.15","29.00","36.00","36.00","51","19","53","NA",
1856-05-03,"NA","NA","NA","NA","NA","NA","NA","NA","NA","NA","37.00","50.15","39.00","42.05",".122",".093",".121","0","Empty","Empty","0","Empty","Empty","0","Empty","Empty","Empty","Empty","North-East","2","North-East","1","NA","NA","NA","35.80","49.30","39.80","31.30","38.50","34.00","58","26","49","NA",
1856-05-04,"NA","NA","NA","NA","NA","NA","NA","NA","NA","NA","38.40","51.10","38.80","42.77",".144",".207",".152","1","West","1","2","South-West","1","2","Empty","Empty","0","Empty","0","Empty","0","Empty","NA","NA","NA","38.00","50.20","39.50","34.00","44.00","35.40","63","57","63","NA",
1856-05-05,"NA","NA","NA","NA","NA","NA","NA","NA","NA","NA","38.00","41.80","35.90","38.57",".162",".231",".145","10","North-North-East","Empty","10","North-North-East","Empty","4","North-East","Empty","North-West","2","North-North-East","2","North-East","4","A.M. 7","P.M. 4",".15","37.00","41.30","36.30","34.25","40.00","33.00","73.5","89","68","[obstructed] 7 A.M.",
1856-05-06,"NA","NA","NA","NA","NA","NA","NA","NA","NA","NA","37.30","46.10","39.00","40.80",".166",".144",".167","1","North-East","3","2","North-East","3","8","Empty","Empty","North-East","3","North-East","3","North-North-East","2","NA","NA","NA","36.80","45.40","39.50","34.30","38.50","36.00","76","47","68","NA",
1856-05-07,"NA","NA","NA","NA","NA","NA","NA","NA","NA","NA","41.00","54.00","39.50","44.83",".160",".157",".139","0","Empty","Empty","0","Empty","Empty","0","Empty","Empty","North-West","1","North-East","2","North-West","1","NA","NA","NA","40.00","54.00","40.50","36.00","44.00","35.50","64","38","56","NA",
1856-05-08,"NA","NA","NA","NA","NA","NA","NA","NA","NA","NA","41.00","54.00","42.00","45.67",".179",".163",".167","0","Empty","Empty","0","Empty","Empty","0","Empty","Empty","East","1","East","2","0","Empty","NA","NA","NA","41.00","53.50","42.80","37.50","44.00","38.00","69.5","40","60","NA",
1856-05-09,"NA","NA","NA","NA","NA","NA","NA","NA","NA","NA","40.00","56.80","38.00","45.27",".139",".141",".170","0","Empty","Empty","1","South-West","2","5","South","3","North-East","1","South-East","3","South-East","4","NA","NA","NA","40.00","55.95","39.20","35.00","44.40","36.00","56","31","71","NA",
1856-05-10,"NA","NA","NA","NA","NA","NA","NA","NA","NA","NA","42.00","48.00","43.00","44.33",".240",".260",".241","10","East-South-East","3","10","East","Empty","10","East","Empty","East-South-East","3","North-East","4","North-East","2","AM 6 1/2","Empty","Empty","42.00","48.00","44.00","40.80","48.00","42.00","89","78","84","[obstructed] [illegible] P.M. until 7 or 8",
1856-05-11,"NA","NA","NA","NA","NA","NA","NA","NA","NA","NA","41.00","59.50","45.20","48.57",".246",".352",".239","10","North-East","Empty","4","South-West","3","7","West","Empty","North-East","3","South-West","3","West","1","Empty","P.M. 1",".75","41.00","59.00","45.00","40.50","54.00","42.50","95.5","70","80","[obstructed] ...d rain",
1856-05-12,"NA","NA","NA","NA","NA","NA","NA","NA","NA","NA","48.00","55.00","49.50","50.83",".216",".244",".247","9","West","4","8","West","2","1","West","Empty","West","2","West","3","West","1","NA","NA","NA","45.00","53.50","49.50","41.50","47.50","45.50","72","60","71","NA",
1856-05-13,"NA","NA","NA","NA","NA","NA","NA","NA","NA","NA","42.00","53.80","41.00","45.60",".162",".155","Empty","1","West","3","1","West","Empty","0","Empty","Empty","West","3","West","2","West","1","NA","NA","NA","41.50","52.30","46.00","37.00","43.00","Empty","61","39.5","Empty","NA",
1856-05-14,"NA","NA","NA","NA","NA","NA","NA","NA","NA","NA","44.00","61.00","44.00","49.67",".168",".518",".211","0","Empty","Empty","0","Empty","Empty","0","Empty","Empty","0","Empty","0","Empty","0","Empty","NA","NA","NA","42.20","60.25","44.50","38.00","60.25","41.00","61","100","72","[obstructed] Aurora",
1856-05-15,"NA","NA","NA","NA","NA","NA","NA","NA","NA","NA","47.00","61.00","51.00","53.00",".311",".268",".330","0","Empty","Empty","1","West","3","Empty","0","Empty","0","Empty","North-North-East","1","East","1","NA","NA","NA","45.00","60.20","54.00","45.00","51.80","50.80","100","49.5","79","NA",
1856-05-16,"NA","NA","NA","NA","NA","NA","NA","NA","NA","NA","59.50","72.80","59.00","63.77",".384",".374",".309","2","South-West","5","4","West","4","7","West","4","West-South-West","4","West","4","West","2","P.M. 8","11 P.M.",".10","58.20","72.00","59.00","55.00","60.50","52.50","79","47.5","61.5","[obstructed] evening",
1856-05-17,"NA","NA","NA","NA","NA","NA","NA","NA","NA","NA","49.00","60.80","52.00","52.93",".223",".310",".341","8","Empty","Empty","9","Empty","Empty","10","South-East","Empty","East","2","East","1","South-East","1","P.M. 6","P.M. 10",".05","49.50","60.00","51.50","44.50","53.00","50.00","64","60","89","NA",
1856-05-18,"NA","NA","NA","NA","NA","NA","NA","NA","NA","NA","52.00","57.00","55.60","54.87",".329",".391",".390","10","South","Empty","5","South","4","10","Empty","Empty","South","2","South","2","0","Empty","NA","NA","NA","51.00","56.00","55.00","49.30","54.00","43.50","88","87","90","[obstructed] – grass growing fast",
1856-05-19,"NA","NA","NA","NA","NA","NA","NA","NA","NA","NA","52.60","69.40","54.00","58.67",".371",".393",".376","5","East","4","5","South-East","4","3","South-West","3","0","Empty","North","2","0","Empty","NA","NA","NA","52.50","67.00","54.00","57.60","59.00","52.50","94","59","90","NA",
1856-05-20,"NA","NA","NA","NA","NA","NA","NA","NA","NA","NA","56.30","61.84","54.00","57.38",".402",".418",".366","10","West-South-West","4","10","West","3","6","West","3","West","2","West","2","West","1","A.M. 9","Empty","Empty","55.20","60.60","54.30","54.00","57.00","52.30","93","79","87","[obstructed] fine – vegetation rapid",
1856-05-21,"NA","NA","NA","NA","NA","NA","NA","NA","NA","NA","51.00","53.00","43.20","49.07",".335",".326",".248","10","West","4","10","North","2","8","Empty","Empty","West","2","West","1","West","2","P.M. 2","P.M. 9",".80","50.50","57.40","43.50","49.50","49.40","42.00","93","86","88","NA",
1856-05-22,"NA","NA","NA","NA","NA","NA","NA","NA","NA","NA","44.80","49.10","47.40","47.10",".202",".152",".165","4","North","4","3","North-West","3","0","Empty","Empty","North-North-West","3","North-West","3","North-West","2","NA","NA","NA","43.50","49.00","48.50","40.00","41.00","41.50","71","44","49","Retracted",
1856-05-23,"NA","NA","NA","NA","NA","NA","NA","NA","NA","NA","52.70","62.40","46.30","53.60",".136",".222",".226","0","Empty","Empty","0","Empty","Empty","0","Empty","Empty","North-West","2","North-West","1","East","2","NA","NA","NA","52.00","62.50","46.00","42.00","56.00","42.50","35","39","72.5","NA",
1856-05-24,"NA","NA","NA","NA","NA","NA","NA","NA","NA","NA","47.00","51.00","43.00","47.00",".167",".161",".231","6","North-North-West","2","9","South-East","3","10","South","Empty","East","2","South-East","3","South","1","NA","NA","NA","47.00","51.00","43.00","40.50","42.50","41.00","51.5","42.5","83","NA",
1856-05-25,"NA","NA","NA","NA","NA","NA","NA","NA","NA","NA","42.50","40.30","44.00","44.60",".231",".262",".241","10","South-East","Empty","10","South-East","5","10","South-East","4","South-East","3","South-East","3","South-East","3","A.M. 9","PM 8 1/2","Empty","43.50","46.00","44.00","41.90","44.00","42.00","83","84","84","NA",
1856-05-26,"NA","NA","NA","NA","NA","NA","NA","NA","NA","NA","43.00","42.00","40.00","41.67",".254",".244",".225","10","North-East","Empty","10","North-East","5","10","North-East","5","North-East","3","North-East","4","North-East","4","A.M. 6","Empty","1.70","43.00","42.00","40.00","42.00","41.00","39.00","92","91","91","[obstructed] A.M. – a great storm",
1856-05-27,"NA","NA","NA","NA","NA","NA","NA","NA","NA","NA","41.00","53.00","45.50","46.50",".212",".183",".203","10","North-North-East","4","2","North","4","1","North-West","Empty","North","4","North","4","North-West","1","NA","NA","NA","41.00","52.00","46.00","39.00","44.00","41.50","82","47","65.5","NA",
1856-05-28,"NA","NA","NA","NA","NA","NA","NA","NA","NA","NA","51.00","68.00","53.80","57.60",".290",".313",".365","2","West-North-West","2","5","West","9","10","South-West","5","North-West","1","West","5","South-West","6","P.M. 9","Empty",".25","49.50","68.00","53.80","47.00","56.80","52.00","82","46","88","[obstructed] from S.W.",
1856-05-29,"NA","NA","NA","NA","NA","NA","NA","NA","NA","NA","55.00","61.00","47.00","54.33",".359",".218",".236","10","West","4","1","West","Empty","0","Empty","Empty","West","4","West","2","0","Empty","NA","NA","NA","44.20","60.50","48.00","52.00","50.00","44.00","86","41","70","NA",
1856-05-30,"NA","NA","NA","NA","NA","NA","NA","NA","NA","NA","49.50","66.00","51.10","55.53",".288",".438",".267","4","South-West South-East","8 | 3","7","South-West","4","0","Empty","Empty","East","2","South-West","8","West","1","NA","NA","NA","50.00","66.00","51.20","47.20","60.00","47.00","79","68","71","[obstructed] but fine",
1856-05-31,"NA","NA","NA","NA","NA","NA","NA","NA","NA","NA","47.40","54.90","46.00","49.43",".233",".078",".245","4","West","4","1","West-South-West","4","2","North-West","3","West","4","West-South-West","5","North-West","3","NA","NA","NA","46.40","53.00","45.80","43.00","40.00","43.20","74","19","80","NA",
