"stationName","latitude","longitude","elevation","timeZone","UTCoffset","WMOID","MSCID"
"Hatley","45.3","-71.95","250","America/Montreal","5","71611","7025660"
"Short_Name","What","Material","Error","Units","Seasonality","Data_Type","Detail","Method","Data_Format","Additional_Information"
"dd","wind direction","atmospheric material",NA,"degrees","sub-daily","historical","original_observation","field method","n",NA
"pr","precipitation","precipitation",NA,"mm","sub-daily","instrumental","original_observation","field method","n",NA
"ta","air temperature","atmospheric material",NA,"C","sub-daily","instrumental","original_observation","field method","n",NA
"ww","weather","atmospheric material",NA,"synop","sub-daily","historical","original_observation","field method","c",NA
"ObservationDate","dd","pr","ta","ww"
1836-02-01,NA,0,NA,NA
1836-02-01,NA,NA,NA,NA
1836-02-01 06:00:00,270,NA,NA,NA
1836-02-01 06:00:00,NA,NA,-17.78,NA
1836-02-01 06:00:00,NA,NA,NA,",BKN NA"
1836-02-01 14:00:00,270,NA,NA,NA
1836-02-01 14:00:00,NA,NA,-14.44,NA
1836-02-01 14:00:00,NA,NA,NA,",BKN NA"
1836-02-01 21:00:00,270,NA,NA,NA
1836-02-01 21:00:00,NA,NA,-24.44,NA
1836-02-01 21:00:00,NA,NA,NA,",SKC NA"
1836-02-02,NA,0,NA,NA
1836-02-02,NA,NA,NA,NA
1836-02-02 06:00:00,315,NA,NA,NA
1836-02-02 06:00:00,NA,NA,-30.56,NA
1836-02-02 06:00:00,NA,NA,NA,",SKC NA"
1836-02-02 14:00:00,315,NA,NA,NA
1836-02-02 14:00:00,NA,NA,-22.78,NA
1836-02-02 14:00:00,NA,NA,NA,",SKC NA"
1836-02-02 21:00:00,270,NA,NA,NA
1836-02-02 21:00:00,NA,NA,-25.56,NA
1836-02-02 21:00:00,NA,NA,NA,",BKN NA"
1836-02-03,NA,0,NA,NA
1836-02-03,NA,NA,NA,NA
1836-02-03 06:00:00,225,NA,NA,NA
1836-02-03 06:00:00,NA,NA,-22.78,NA
1836-02-03 06:00:00,NA,NA,NA,",SKC NA"
1836-02-03 14:00:00,270,NA,NA,NA
1836-02-03 14:00:00,NA,NA,-12.22,NA
1836-02-03 14:00:00,NA,NA,NA,",SKC NA"
1836-02-03 21:00:00,270,NA,NA,NA
1836-02-03 21:00:00,NA,NA,-22.22,NA
1836-02-03 21:00:00,NA,NA,NA,",SKC NA"
1836-02-04,NA,0,NA,NA
1836-02-04,NA,NA,NA,NA
1836-02-04 06:00:00,0,NA,NA,NA
1836-02-04 06:00:00,NA,NA,-25,NA
1836-02-04 06:00:00,NA,NA,NA,",SKC NA"
1836-02-04 14:00:00,0,NA,NA,NA
1836-02-04 14:00:00,NA,NA,-11.11,NA
1836-02-04 14:00:00,NA,NA,NA,",SKC NA"
1836-02-04 21:00:00,0,NA,NA,NA
1836-02-04 21:00:00,NA,NA,-22.78,NA
1836-02-04 21:00:00,NA,NA,NA,",SKC NA"
1836-02-05,NA,0,NA,NA
1836-02-05,NA,NA,NA,NA
1836-02-05 06:00:00,0,NA,NA,NA
1836-02-05 06:00:00,NA,NA,-25.56,NA
1836-02-05 06:00:00,NA,NA,NA,",SKC NA"
1836-02-05 14:00:00,0,NA,NA,NA
1836-02-05 14:00:00,NA,NA,-12.22,NA
1836-02-05 14:00:00,NA,NA,NA,",SKC NA"
1836-02-05 21:00:00,0,NA,NA,NA
1836-02-05 21:00:00,NA,NA,-21.11,NA
1836-02-05 21:00:00,NA,NA,NA,",SKC NA"
1836-02-06,NA,0,NA,NA
1836-02-06,NA,NA,NA,NA
1836-02-06 06:00:00,225,NA,NA,NA
1836-02-06 06:00:00,NA,NA,-20.56,NA
1836-02-06 06:00:00,NA,NA,NA,",SKC NA"
1836-02-06 14:00:00,225,NA,NA,NA
1836-02-06 14:00:00,NA,NA,-12.22,NA
1836-02-06 14:00:00,NA,NA,NA,",SKC NA"
1836-02-06 21:00:00,225,NA,NA,NA
1836-02-06 21:00:00,NA,NA,-18.33,NA
1836-02-06 21:00:00,NA,NA,NA,",SKC NA"
1836-02-07,NA,0,NA,NA
1836-02-07,NA,NA,NA,NA
1836-02-07 06:00:00,90,NA,NA,NA
1836-02-07 06:00:00,NA,NA,-21.11,NA
1836-02-07 06:00:00,NA,NA,NA,",SKC NA"
1836-02-07 14:00:00,90,NA,NA,NA
1836-02-07 14:00:00,NA,NA,-5,NA
1836-02-07 14:00:00,NA,NA,NA,",BKN NA"
1836-02-07 21:00:00,135,NA,NA,NA
1836-02-07 21:00:00,NA,NA,-8.89,NA
1836-02-07 21:00:00,NA,NA,NA,",BKN NA"
1836-02-08,NA,17.27,NA,NA
1836-02-08,NA,NA,NA,NA
1836-02-08 06:00:00,135,NA,NA,NA
1836-02-08 06:00:00,NA,NA,-5.56,NA
1836-02-08 06:00:00,NA,NA,NA,",SN NA"
1836-02-08 14:00:00,90,NA,NA,NA
1836-02-08 14:00:00,NA,NA,-1.11,NA
1836-02-08 14:00:00,NA,NA,NA,",SN NA"
1836-02-08 21:00:00,45,NA,NA,NA
1836-02-08 21:00:00,NA,NA,-6.67,NA
1836-02-08 21:00:00,NA,NA,NA,",SN NA"
1836-02-09,NA,0,NA,NA
1836-02-09,NA,NA,NA,NA
1836-02-09 06:00:00,225,NA,NA,NA
1836-02-09 06:00:00,NA,NA,-7.78,NA
1836-02-09 06:00:00,NA,NA,NA,",SN NA"
1836-02-09 14:00:00,225,NA,NA,NA
1836-02-09 14:00:00,NA,NA,-4.44,NA
1836-02-09 14:00:00,NA,NA,NA,",SN NA"
1836-02-09 21:00:00,225,NA,NA,NA
1836-02-09 21:00:00,NA,NA,-6.67,NA
1836-02-09 21:00:00,NA,NA,NA,",SN NA"
1836-02-10,NA,0,NA,NA
1836-02-10,NA,NA,NA,NA
1836-02-10 06:00:00,225,NA,NA,NA
1836-02-10 06:00:00,NA,NA,-6.67,NA
1836-02-10 06:00:00,NA,NA,NA,",SN NA"
1836-02-10 14:00:00,225,NA,NA,NA
1836-02-10 14:00:00,NA,NA,-1.67,NA
1836-02-10 14:00:00,NA,NA,NA,",SN NA"
1836-02-10 21:00:00,270,NA,NA,NA
1836-02-10 21:00:00,NA,NA,-6.67,NA
1836-02-10 21:00:00,NA,NA,NA,",SKC NA"
1836-02-11,NA,11.94,NA,NA
1836-02-11,NA,NA,NA,NA
1836-02-11 06:00:00,0,NA,NA,NA
1836-02-11 06:00:00,NA,NA,-12.22,NA
1836-02-11 06:00:00,NA,NA,NA,",SKC NA"
1836-02-11 14:00:00,0,NA,NA,NA
1836-02-11 14:00:00,NA,NA,-1.67,NA
1836-02-11 14:00:00,NA,NA,NA,",SKC NA"
1836-02-11 21:00:00,0,NA,NA,NA
1836-02-11 21:00:00,NA,NA,-16.67,NA
1836-02-11 21:00:00,NA,NA,NA,",SKC NA"
1836-02-12,NA,0,NA,NA
1836-02-12,NA,NA,NA,NA
1836-02-12 06:00:00,90,NA,NA,NA
1836-02-12 06:00:00,NA,NA,-18.89,NA
1836-02-12 06:00:00,NA,NA,NA,",SKC NA"
1836-02-12 14:00:00,90,NA,NA,NA
1836-02-12 14:00:00,NA,NA,-5,NA
1836-02-12 14:00:00,NA,NA,NA,",BKN NA"
1836-02-12 21:00:00,90,NA,NA,NA
1836-02-12 21:00:00,NA,NA,-7.22,NA
1836-02-12 21:00:00,NA,NA,NA,",BKN NA"
1836-02-13,NA,0,NA,NA
1836-02-13,NA,NA,NA,NA
1836-02-13 06:00:00,90,NA,NA,NA
1836-02-13 06:00:00,NA,NA,-6.67,NA
1836-02-13 06:00:00,NA,NA,NA,",BKN NA"
1836-02-13 14:00:00,180,NA,NA,NA
1836-02-13 14:00:00,NA,NA,4.44,NA
1836-02-13 14:00:00,NA,NA,NA,",SN NA"
1836-02-13 21:00:00,270,NA,NA,NA
1836-02-13 21:00:00,NA,NA,-6.67,NA
1836-02-13 21:00:00,NA,NA,NA,",SN NA"
1836-02-14,NA,0,NA,NA
1836-02-14,NA,NA,NA,NA
1836-02-14 06:00:00,0,NA,NA,NA
1836-02-14 06:00:00,NA,NA,-11.11,NA
1836-02-14 06:00:00,NA,NA,NA,",BKN NA"
1836-02-14 14:00:00,0,NA,NA,NA
1836-02-14 14:00:00,NA,NA,-12.22,NA
1836-02-14 14:00:00,NA,NA,NA,",BKN NA"
1836-02-14 21:00:00,0,NA,NA,NA
1836-02-14 21:00:00,NA,NA,-17.78,NA
1836-02-14 21:00:00,NA,NA,NA,",SKC NA"
1836-02-15,NA,11.43,NA,NA
1836-02-15,NA,NA,NA,NA
1836-02-15 06:00:00,270,NA,NA,NA
1836-02-15 06:00:00,NA,NA,-23.33,NA
1836-02-15 06:00:00,NA,NA,NA,",SKC NA"
1836-02-15 14:00:00,270,NA,NA,NA
1836-02-15 14:00:00,NA,NA,-13.33,NA
1836-02-15 14:00:00,NA,NA,NA,",SKC NA"
1836-02-15 21:00:00,270,NA,NA,NA
1836-02-15 21:00:00,NA,NA,-21.67,NA
1836-02-15 21:00:00,NA,NA,NA,",SKC NA"
1836-02-16,NA,0,NA,NA
1836-02-16,NA,NA,NA,NA
1836-02-16 06:00:00,0,NA,NA,NA
1836-02-16 06:00:00,NA,NA,-22.22,NA
1836-02-16 06:00:00,NA,NA,NA,",SKC NA"
1836-02-16 14:00:00,0,NA,NA,NA
1836-02-16 14:00:00,NA,NA,-11.67,NA
1836-02-16 14:00:00,NA,NA,NA,",SKC NA"
1836-02-16 21:00:00,0,NA,NA,NA
1836-02-16 21:00:00,NA,NA,-21.67,NA
1836-02-16 21:00:00,NA,NA,NA,",SKC NA"
1836-02-17,NA,0,NA,NA
1836-02-17,NA,NA,NA,NA
1836-02-17 06:00:00,0,NA,NA,NA
1836-02-17 06:00:00,NA,NA,-24.44,NA
1836-02-17 06:00:00,NA,NA,NA,",SKC NA"
1836-02-17 14:00:00,0,NA,NA,NA
1836-02-17 14:00:00,NA,NA,-9.44,NA
1836-02-17 14:00:00,NA,NA,NA,",SKC NA"
1836-02-17 21:00:00,0,NA,NA,NA
1836-02-17 21:00:00,NA,NA,-21.11,NA
1836-02-17 21:00:00,NA,NA,NA,",SKC NA"
1836-02-18,NA,0,NA,NA
1836-02-18,NA,NA,NA,NA
1836-02-18 06:00:00,0,NA,NA,NA
1836-02-18 06:00:00,NA,NA,-28.89,NA
1836-02-18 06:00:00,NA,NA,NA,",SKC NA"
1836-02-18 14:00:00,0,NA,NA,NA
1836-02-18 14:00:00,NA,NA,-12.78,NA
1836-02-18 14:00:00,NA,NA,NA,",SKC NA"
1836-02-18 21:00:00,90,NA,NA,NA
1836-02-18 21:00:00,NA,NA,-24.44,NA
1836-02-18 21:00:00,NA,NA,NA,",SKC NA"
1836-02-19,NA,0,NA,NA
1836-02-19,NA,NA,NA,NA
1836-02-19 06:00:00,90,NA,NA,NA
1836-02-19 06:00:00,NA,NA,-27.78,NA
1836-02-19 06:00:00,NA,NA,NA,",SKC NA"
1836-02-19 14:00:00,90,NA,NA,NA
1836-02-19 14:00:00,NA,NA,-3.89,NA
1836-02-19 14:00:00,NA,NA,NA,",SKC NA"
1836-02-19 21:00:00,90,NA,NA,NA
1836-02-19 21:00:00,NA,NA,-13.33,NA
1836-02-19 21:00:00,NA,NA,NA,",SKC NA"
1836-02-20,NA,0,NA,NA
1836-02-20,NA,NA,NA,NA
1836-02-20 06:00:00,180,NA,NA,NA
1836-02-20 06:00:00,NA,NA,-8.89,NA
1836-02-20 06:00:00,NA,NA,NA,",SN NA"
1836-02-20 14:00:00,180,NA,NA,NA
1836-02-20 14:00:00,NA,NA,2.22,NA
1836-02-20 14:00:00,NA,NA,NA,",BKN NA"
1836-02-20 21:00:00,180,NA,NA,NA
1836-02-20 21:00:00,NA,NA,-5,NA
1836-02-20 21:00:00,NA,NA,NA,",SKC NA"
1836-02-21,NA,0,NA,NA
1836-02-21,NA,NA,NA,NA
1836-02-21 06:00:00,270,NA,NA,NA
1836-02-21 06:00:00,NA,NA,2.22,NA
1836-02-21 06:00:00,NA,NA,NA,",BKN NA"
1836-02-21 14:00:00,270,NA,NA,NA
1836-02-21 14:00:00,NA,NA,11.11,NA
1836-02-21 14:00:00,NA,NA,NA,",BKN NA"
1836-02-21 21:00:00,270,NA,NA,NA
1836-02-21 21:00:00,NA,NA,1.67,NA
1836-02-21 21:00:00,NA,NA,NA,",SKC NA"
1836-02-22,NA,0,NA,NA
1836-02-22,NA,NA,NA,NA
1836-02-22 06:00:00,270,NA,NA,NA
1836-02-22 06:00:00,NA,NA,-1.67,NA
1836-02-22 06:00:00,NA,NA,NA,",BKN NA"
1836-02-22 14:00:00,270,NA,NA,NA
1836-02-22 14:00:00,NA,NA,8.89,NA
1836-02-22 14:00:00,NA,NA,NA,",SKC NA"
1836-02-22 21:00:00,270,NA,NA,NA
1836-02-22 21:00:00,NA,NA,-2.22,NA
1836-02-22 21:00:00,NA,NA,NA,",SKC NA"
1836-02-23,NA,0,NA,NA
1836-02-23,NA,NA,NA,NA
1836-02-23 06:00:00,90,NA,NA,NA
1836-02-23 06:00:00,NA,NA,-2.22,NA
1836-02-23 06:00:00,NA,NA,NA,",BKN NA"
1836-02-23 14:00:00,135,NA,NA,NA
1836-02-23 14:00:00,NA,NA,6.67,NA
1836-02-23 14:00:00,NA,NA,NA,",BKN NA"
1836-02-23 21:00:00,135,NA,NA,NA
1836-02-23 21:00:00,NA,NA,2.22,NA
1836-02-23 21:00:00,NA,NA,NA,",BKN NA"
1836-02-24,NA,22.61,NA,NA
1836-02-24,NA,NA,NA,NA
1836-02-24 06:00:00,180,NA,NA,NA
1836-02-24 06:00:00,NA,NA,1.11,NA
1836-02-24 06:00:00,NA,NA,NA,",RA NA"
1836-02-24 14:00:00,180,NA,NA,NA
1836-02-24 14:00:00,NA,NA,4.44,NA
1836-02-24 14:00:00,NA,NA,NA,",RA NA"
1836-02-24 21:00:00,180,NA,NA,NA
1836-02-24 21:00:00,NA,NA,3.33,NA
1836-02-24 21:00:00,NA,NA,NA,",RA NA"
1836-02-25,NA,0,NA,NA
1836-02-25,NA,NA,NA,NA
1836-02-25 06:00:00,270,NA,NA,NA
1836-02-25 06:00:00,NA,NA,-2.22,NA
1836-02-25 06:00:00,NA,NA,NA,",SN NA"
1836-02-25 14:00:00,270,NA,NA,NA
1836-02-25 14:00:00,NA,NA,-7.78,NA
1836-02-25 14:00:00,NA,NA,NA,",SN NA"
1836-02-25 21:00:00,270,NA,NA,NA
1836-02-25 21:00:00,NA,NA,-14.44,NA
1836-02-25 21:00:00,NA,NA,NA,",RA NA"
1836-02-26,NA,0,NA,NA
1836-02-26,NA,NA,NA,NA
1836-02-26 06:00:00,270,NA,NA,NA
1836-02-26 06:00:00,NA,NA,-18.89,NA
1836-02-26 06:00:00,NA,NA,NA,",SKC NA"
1836-02-26 14:00:00,180,NA,NA,NA
1836-02-26 14:00:00,NA,NA,-6.67,NA
1836-02-26 14:00:00,NA,NA,NA,",SKC NA"
1836-02-26 21:00:00,180,NA,NA,NA
1836-02-26 21:00:00,NA,NA,-13.33,NA
1836-02-26 21:00:00,NA,NA,NA,",BKN NA"
1836-02-27,NA,0,NA,NA
1836-02-27,NA,NA,NA,NA
1836-02-27 06:00:00,0,NA,NA,NA
1836-02-27 06:00:00,NA,NA,-18.89,NA
1836-02-27 06:00:00,NA,NA,NA,",SKC NA"
1836-02-27 14:00:00,0,NA,NA,NA
1836-02-27 14:00:00,NA,NA,-5.56,NA
1836-02-27 14:00:00,NA,NA,NA,NA
1836-02-27 21:00:00,0,NA,NA,NA
1836-02-27 21:00:00,NA,NA,-15,NA
1836-02-27 21:00:00,NA,NA,NA,NA
1836-02-28,NA,0,NA,NA
1836-02-28,NA,NA,NA,NA
1836-02-28 06:00:00,270,NA,NA,NA
1836-02-28 06:00:00,NA,NA,-11.11,NA
1836-02-28 06:00:00,NA,NA,NA,",BKN NA"
1836-02-28 14:00:00,270,NA,NA,NA
1836-02-28 14:00:00,NA,NA,-4.44,NA
1836-02-28 14:00:00,NA,NA,NA,",SKC NA"
1836-02-28 21:00:00,270,NA,NA,NA
1836-02-28 21:00:00,NA,NA,-15,NA
1836-02-28 21:00:00,NA,NA,NA,",SKC NA"
1836-02-29,NA,0,NA,NA
1836-02-29,NA,NA,NA,NA
1836-02-29 06:00:00,180,NA,NA,NA
1836-02-29 06:00:00,NA,NA,-22.22,NA
1836-02-29 06:00:00,NA,NA,NA,",SKC NA"
1836-02-29 14:00:00,180,NA,NA,NA
1836-02-29 14:00:00,NA,NA,-3.89,NA
1836-02-29 14:00:00,NA,NA,NA,NA
1836-02-29 21:00:00,180,NA,NA,NA
1836-02-29 21:00:00,NA,NA,-4.44,NA
1836-02-29 21:00:00,NA,NA,NA,",SN NA"
1836-03-01,NA,0,NA,NA
1836-03-01,NA,NA,NA,NA
1836-03-01 06:00:00,180,NA,NA,NA
1836-03-01 06:00:00,NA,NA,-3.33,NA
1836-03-01 06:00:00,NA,NA,NA,",BKN NA"
1836-03-01 14:00:00,180,NA,NA,NA
1836-03-01 14:00:00,NA,NA,2.78,NA
1836-03-01 14:00:00,NA,NA,NA,",BKN NA"
1836-03-01 21:00:00,180,NA,NA,NA
1836-03-01 21:00:00,NA,NA,0,NA
1836-03-01 21:00:00,NA,NA,NA,",SN NA"
1836-03-02,NA,0,NA,NA
1836-03-02,NA,NA,NA,NA
1836-03-02 06:00:00,270,NA,NA,NA
1836-03-02 06:00:00,NA,NA,-7.78,NA
1836-03-02 06:00:00,NA,NA,NA,",BKN NA"
1836-03-02 14:00:00,270,NA,NA,NA
1836-03-02 14:00:00,NA,NA,-11.67,NA
1836-03-02 14:00:00,NA,NA,NA,NA
1836-03-02 21:00:00,270,NA,NA,NA
1836-03-02 21:00:00,NA,NA,-18.33,NA
1836-03-02 21:00:00,NA,NA,NA,",BKN NA"
1836-03-03,NA,0,NA,NA
1836-03-03,NA,NA,NA,NA
1836-03-03 06:00:00,270,NA,NA,NA
1836-03-03 06:00:00,NA,NA,-18.89,NA
1836-03-03 06:00:00,NA,NA,NA,",SKC NA"
1836-03-03 14:00:00,270,NA,NA,NA
1836-03-03 14:00:00,NA,NA,-7.78,NA
1836-03-03 14:00:00,NA,NA,NA,NA
1836-03-03 21:00:00,270,NA,NA,NA
1836-03-03 21:00:00,NA,NA,-14.44,NA
1836-03-03 21:00:00,NA,NA,NA,",SKC NA"
1836-03-04,NA,0,NA,NA
1836-03-04,NA,NA,NA,NA
1836-03-04 06:00:00,270,NA,NA,NA
1836-03-04 06:00:00,NA,NA,-12.22,NA
1836-03-04 06:00:00,NA,NA,NA,",SKC NA"
1836-03-04 14:00:00,180,NA,NA,NA
1836-03-04 14:00:00,NA,NA,1.67,NA
1836-03-04 14:00:00,NA,NA,NA,NA
1836-03-04 21:00:00,180,NA,NA,NA
1836-03-04 21:00:00,NA,NA,2.22,NA
1836-03-04 21:00:00,NA,NA,NA,",BKN NA"
1836-03-05,NA,0,NA,NA
1836-03-05,NA,NA,NA,NA
1836-03-05 06:00:00,270,NA,NA,NA
1836-03-05 06:00:00,NA,NA,-2.22,NA
1836-03-05 06:00:00,NA,NA,NA,",BKN NA"
1836-03-05 14:00:00,270,NA,NA,NA
1836-03-05 14:00:00,NA,NA,-1.67,NA
1836-03-05 14:00:00,NA,NA,NA,",BKN NA"
1836-03-05 21:00:00,270,NA,NA,NA
1836-03-05 21:00:00,NA,NA,-15.56,NA
1836-03-05 21:00:00,NA,NA,NA,",SKC NA"
1836-03-06,NA,0,NA,NA
1836-03-06,NA,NA,NA,NA
1836-03-06 06:00:00,270,NA,NA,NA
1836-03-06 06:00:00,NA,NA,-15.56,NA
1836-03-06 06:00:00,NA,NA,NA,NA
1836-03-06 14:00:00,180,NA,NA,NA
1836-03-06 14:00:00,NA,NA,-4.44,NA
1836-03-06 14:00:00,NA,NA,NA,",SKC NA"
1836-03-06 21:00:00,180,NA,NA,NA
1836-03-06 21:00:00,NA,NA,-7.78,NA
1836-03-06 21:00:00,NA,NA,NA,",SKC NA"
1836-03-07,NA,0,NA,NA
1836-03-07,NA,NA,NA,NA
1836-03-07 06:00:00,225,NA,NA,NA
1836-03-07 06:00:00,NA,NA,-8.33,NA
1836-03-07 06:00:00,NA,NA,NA,",SN NA"
1836-03-07 14:00:00,225,NA,NA,NA
1836-03-07 14:00:00,NA,NA,-7.22,NA
1836-03-07 14:00:00,NA,NA,NA,NA
1836-03-07 21:00:00,270,NA,NA,NA
1836-03-07 21:00:00,NA,NA,-13.33,NA
1836-03-07 21:00:00,NA,NA,NA,",SKC NA"
1836-03-08,NA,1.27,NA,NA
1836-03-08,NA,NA,NA,NA
1836-03-08 06:00:00,180,NA,NA,NA
1836-03-08 06:00:00,NA,NA,-12.22,NA
1836-03-08 06:00:00,NA,NA,NA,",SKC NA"
1836-03-08 14:00:00,180,NA,NA,NA
1836-03-08 14:00:00,NA,NA,-6.67,NA
1836-03-08 14:00:00,NA,NA,NA,",SKC NA"
1836-03-08 21:00:00,180,NA,NA,NA
1836-03-08 21:00:00,NA,NA,-10.56,NA
1836-03-08 21:00:00,NA,NA,NA,",SKC NA"
1836-03-09,NA,0,NA,NA
1836-03-09,NA,NA,NA,NA
1836-03-09 06:00:00,180,NA,NA,NA
1836-03-09 06:00:00,NA,NA,-12.22,NA
1836-03-09 06:00:00,NA,NA,NA,",SKC NA"
1836-03-09 14:00:00,180,NA,NA,NA
1836-03-09 14:00:00,NA,NA,2.78,NA
1836-03-09 14:00:00,NA,NA,NA,NA
1836-03-09 21:00:00,180,NA,NA,NA
1836-03-09 21:00:00,NA,NA,-2.22,NA
1836-03-09 21:00:00,NA,NA,NA,NA
1836-03-10,NA,0,NA,NA
1836-03-10,NA,NA,NA,NA
1836-03-10 06:00:00,180,NA,NA,NA
1836-03-10 06:00:00,NA,NA,1.11,NA
1836-03-10 06:00:00,NA,NA,NA,",BKN NA"
1836-03-10 14:00:00,180,NA,NA,NA
1836-03-10 14:00:00,NA,NA,4.44,NA
1836-03-10 14:00:00,NA,NA,NA,",BKN NA"
1836-03-10 21:00:00,180,NA,NA,NA
1836-03-10 21:00:00,NA,NA,3.33,NA
1836-03-10 21:00:00,NA,NA,NA,",RA NA"
1836-03-11,NA,0,NA,NA
1836-03-11,NA,NA,NA,NA
1836-03-11 06:00:00,180,NA,NA,NA
1836-03-11 06:00:00,NA,NA,3.89,NA
1836-03-11 06:00:00,NA,NA,NA,",BKN NA"
1836-03-11 14:00:00,270,NA,NA,NA
1836-03-11 14:00:00,NA,NA,-3.89,NA
1836-03-11 14:00:00,NA,NA,NA,NA
1836-03-11 21:00:00,270,NA,NA,NA
1836-03-11 21:00:00,NA,NA,-11.67,NA
1836-03-11 21:00:00,NA,NA,NA,",SKC NA"
1836-03-12,NA,0,NA,NA
1836-03-12,NA,NA,NA,NA
1836-03-12 06:00:00,315,NA,NA,NA
1836-03-12 06:00:00,NA,NA,-17.78,NA
1836-03-12 06:00:00,NA,NA,NA,",SKC NA"
1836-03-12 14:00:00,315,NA,NA,NA
1836-03-12 14:00:00,NA,NA,-10.56,NA
1836-03-12 14:00:00,NA,NA,NA,",SKC NA"
1836-03-12 21:00:00,0,NA,NA,NA
1836-03-12 21:00:00,NA,NA,-16.67,NA
1836-03-12 21:00:00,NA,NA,NA,",SKC NA"
1836-03-13,NA,0,NA,NA
1836-03-13,NA,NA,NA,NA
1836-03-13 06:00:00,0,NA,NA,NA
1836-03-13 06:00:00,NA,NA,-18.89,NA
1836-03-13 06:00:00,NA,NA,NA,",SKC NA"
1836-03-13 14:00:00,180,NA,NA,NA
1836-03-13 14:00:00,NA,NA,-3.33,NA
1836-03-13 14:00:00,NA,NA,NA,",BKN NA"
1836-03-13 21:00:00,180,NA,NA,NA
1836-03-13 21:00:00,NA,NA,-6.67,NA
1836-03-13 21:00:00,NA,NA,NA,",BKN NA"
1836-03-14,NA,0,NA,NA
1836-03-14,NA,NA,NA,NA
1836-03-14 06:00:00,180,NA,NA,NA
1836-03-14 06:00:00,NA,NA,-5,NA
1836-03-14 06:00:00,NA,NA,NA,",BKN NA"
1836-03-14 14:00:00,180,NA,NA,NA
1836-03-14 14:00:00,NA,NA,-3.89,NA
1836-03-14 14:00:00,NA,NA,NA,",BKN NA"
1836-03-14 21:00:00,180,NA,NA,NA
1836-03-14 21:00:00,NA,NA,-7.78,NA
1836-03-14 21:00:00,NA,NA,NA,",SN NA"
1836-03-15,NA,0,NA,NA
1836-03-15,NA,NA,NA,NA
1836-03-15 06:00:00,270,NA,NA,NA
1836-03-15 06:00:00,NA,NA,-13.89,NA
1836-03-15 06:00:00,NA,NA,NA,",BKN NA"
1836-03-15 14:00:00,270,NA,NA,NA
1836-03-15 14:00:00,NA,NA,-0.56,NA
1836-03-15 14:00:00,NA,NA,NA,",BKN NA"
1836-03-15 21:00:00,270,NA,NA,NA
1836-03-15 21:00:00,NA,NA,-10.56,NA
1836-03-15 21:00:00,NA,NA,NA,NA
1836-03-16,NA,0,NA,NA
1836-03-16,NA,NA,NA,NA
1836-03-16 06:00:00,315,NA,NA,NA
1836-03-16 06:00:00,NA,NA,-15.56,NA
1836-03-16 06:00:00,NA,NA,NA,",SKC NA"
1836-03-16 14:00:00,315,NA,NA,NA
1836-03-16 14:00:00,NA,NA,1.67,NA
1836-03-16 14:00:00,NA,NA,NA,",SKC NA"
1836-03-16 21:00:00,315,NA,NA,NA
1836-03-16 21:00:00,NA,NA,-8.33,NA
1836-03-16 21:00:00,NA,NA,NA,",SKC NA"
1836-03-17,NA,0,NA,NA
1836-03-17,NA,NA,NA,NA
1836-03-17 06:00:00,315,NA,NA,NA
1836-03-17 06:00:00,NA,NA,-7.78,NA
1836-03-17 06:00:00,NA,NA,NA,",SN NA"
1836-03-17 14:00:00,315,NA,NA,NA
1836-03-17 14:00:00,NA,NA,-3.33,NA
1836-03-17 14:00:00,NA,NA,NA,",SN NA"
1836-03-17 21:00:00,315,NA,NA,NA
1836-03-17 21:00:00,NA,NA,-2.22,NA
1836-03-17 21:00:00,NA,NA,NA,",SN NA"
1836-03-18,NA,7.87,NA,NA
1836-03-18,NA,NA,NA,NA
1836-03-18 06:00:00,270,NA,NA,NA
1836-03-18 06:00:00,NA,NA,-0.56,NA
1836-03-18 06:00:00,NA,NA,NA,",BKN NA"
1836-03-18 14:00:00,0,NA,NA,NA
1836-03-18 14:00:00,NA,NA,-5,NA
1836-03-18 14:00:00,NA,NA,NA,",BKN NA"
1836-03-18 21:00:00,0,NA,NA,NA
1836-03-18 21:00:00,NA,NA,-11.11,NA
1836-03-18 21:00:00,NA,NA,NA,",BKN NA"
1836-03-19,NA,0,NA,NA
1836-03-19,NA,NA,NA,NA
1836-03-19 06:00:00,0,NA,NA,NA
1836-03-19 06:00:00,NA,NA,-18.89,NA
1836-03-19 06:00:00,NA,NA,NA,",SKC NA"
1836-03-19 14:00:00,0,NA,NA,NA
1836-03-19 14:00:00,NA,NA,-0.56,NA
1836-03-19 14:00:00,NA,NA,NA,",SKC NA"
1836-03-19 21:00:00,0,NA,NA,NA
1836-03-19 21:00:00,NA,NA,-11.67,NA
1836-03-19 21:00:00,NA,NA,NA,",SKC NA"
1836-03-20,NA,0,NA,NA
1836-03-20,NA,NA,NA,NA
1836-03-20 06:00:00,0,NA,NA,NA
1836-03-20 06:00:00,NA,NA,-12.22,NA
1836-03-20 06:00:00,NA,NA,NA,",SKC NA"
1836-03-20 14:00:00,0,NA,NA,NA
1836-03-20 14:00:00,NA,NA,2.22,NA
1836-03-20 14:00:00,NA,NA,NA,",SKC NA"
1836-03-20 21:00:00,0,NA,NA,NA
1836-03-20 21:00:00,NA,NA,-11.67,NA
1836-03-20 21:00:00,NA,NA,NA,",SKC NA"
1836-03-21,NA,0,NA,NA
1836-03-21,NA,NA,NA,NA
1836-03-21 06:00:00,0,NA,NA,NA
1836-03-21 06:00:00,NA,NA,-13.33,NA
1836-03-21 06:00:00,NA,NA,NA,",SKC NA"
1836-03-21 14:00:00,180,NA,NA,NA
1836-03-21 14:00:00,NA,NA,4.44,NA
1836-03-21 14:00:00,NA,NA,NA,NA
1836-03-21 21:00:00,180,NA,NA,NA
1836-03-21 21:00:00,NA,NA,-1.11,NA
1836-03-21 21:00:00,NA,NA,NA,NA
1836-03-22,NA,0,NA,NA
1836-03-22,NA,NA,NA,NA
1836-03-22 06:00:00,180,NA,NA,NA
1836-03-22 06:00:00,NA,NA,-4.44,NA
1836-03-22 06:00:00,NA,NA,NA,",BKN NA"
1836-03-22 14:00:00,180,NA,NA,NA
1836-03-22 14:00:00,NA,NA,5.56,NA
1836-03-22 14:00:00,NA,NA,NA,",BKN NA"
1836-03-22 21:00:00,180,NA,NA,NA
1836-03-22 21:00:00,NA,NA,-2.78,NA
1836-03-22 21:00:00,NA,NA,NA,",BKN NA"
1836-03-23,NA,0,NA,NA
1836-03-23,NA,NA,NA,NA
1836-03-23 06:00:00,180,NA,NA,NA
1836-03-23 06:00:00,NA,NA,-2.78,NA
1836-03-23 06:00:00,NA,NA,NA,",SN NA"
1836-03-23 14:00:00,180,NA,NA,NA
1836-03-23 14:00:00,NA,NA,1.67,NA
1836-03-23 14:00:00,NA,NA,NA,NA
1836-03-23 21:00:00,180,NA,NA,NA
1836-03-23 21:00:00,NA,NA,-9.44,NA
1836-03-23 21:00:00,NA,NA,NA,",BKN NA"
1836-03-24,NA,0,NA,NA
1836-03-24,NA,NA,NA,NA
1836-03-24 06:00:00,180,NA,NA,NA
1836-03-24 06:00:00,NA,NA,-11.67,NA
1836-03-24 06:00:00,NA,NA,NA,NA
1836-03-24 14:00:00,180,NA,NA,NA
1836-03-24 14:00:00,NA,NA,7.22,NA
1836-03-24 14:00:00,NA,NA,NA,NA
1836-03-24 21:00:00,180,NA,NA,NA
1836-03-24 21:00:00,NA,NA,-3.89,NA
1836-03-24 21:00:00,NA,NA,NA,",BKN NA"
1836-03-25,NA,0,NA,NA
1836-03-25,NA,NA,NA,NA
1836-03-25 06:00:00,90,NA,NA,NA
1836-03-25 06:00:00,NA,NA,-12.22,NA
1836-03-25 06:00:00,NA,NA,NA,",BKN NA"
1836-03-25 14:00:00,0,NA,NA,NA
1836-03-25 14:00:00,NA,NA,3.89,NA
1836-03-25 14:00:00,NA,NA,NA,NA
1836-03-25 21:00:00,0,NA,NA,NA
1836-03-25 21:00:00,NA,NA,-12.22,NA
1836-03-25 21:00:00,NA,NA,NA,",SKC NA"
1836-03-26,NA,0,NA,NA
1836-03-26,NA,NA,NA,NA
1836-03-26 06:00:00,270,NA,NA,NA
1836-03-26 06:00:00,NA,NA,-13.33,NA
1836-03-26 06:00:00,NA,NA,NA,",SKC NA"
1836-03-26 14:00:00,270,NA,NA,NA
1836-03-26 14:00:00,NA,NA,4.44,NA
1836-03-26 14:00:00,NA,NA,NA,",SKC NA"
1836-03-26 21:00:00,180,NA,NA,NA
1836-03-26 21:00:00,NA,NA,-2.22,NA
1836-03-26 21:00:00,NA,NA,NA,",SKC NA"
1836-03-27,NA,0,NA,NA
1836-03-27,NA,NA,NA,NA
1836-03-27 06:00:00,180,NA,NA,NA
1836-03-27 06:00:00,NA,NA,-1.11,NA
1836-03-27 06:00:00,NA,NA,NA,",SKC NA"
1836-03-27 14:00:00,180,NA,NA,NA
1836-03-27 14:00:00,NA,NA,8.89,NA
1836-03-27 14:00:00,NA,NA,NA,",SKC NA"
1836-03-27 21:00:00,180,NA,NA,NA
1836-03-27 21:00:00,NA,NA,2.22,NA
1836-03-27 21:00:00,NA,NA,NA,",BKN NA"
1836-03-28,NA,0,NA,NA
1836-03-28,NA,NA,NA,NA
1836-03-28 06:00:00,180,NA,NA,NA
1836-03-28 06:00:00,NA,NA,-6.11,NA
1836-03-28 06:00:00,NA,NA,NA,",BKN NA"
1836-03-28 14:00:00,180,NA,NA,NA
1836-03-28 14:00:00,NA,NA,7.22,NA
1836-03-28 14:00:00,NA,NA,NA,",BKN NA"
1836-03-28 21:00:00,180,NA,NA,NA
1836-03-28 21:00:00,NA,NA,-1.67,NA
1836-03-28 21:00:00,NA,NA,NA,",BKN NA"
1836-03-29,NA,0,NA,NA
1836-03-29,NA,NA,NA,NA
1836-03-29 06:00:00,0,NA,NA,NA
1836-03-29 06:00:00,NA,NA,-5.56,NA
1836-03-29 06:00:00,NA,NA,NA,",SN NA"
1836-03-29 14:00:00,0,NA,NA,NA
1836-03-29 14:00:00,NA,NA,8.33,NA
1836-03-29 14:00:00,NA,NA,NA,NA
1836-03-29 21:00:00,0,NA,NA,NA
1836-03-29 21:00:00,NA,NA,0.56,NA
1836-03-29 21:00:00,NA,NA,NA,NA
1836-03-30,NA,0,NA,NA
1836-03-30,NA,NA,NA,NA
1836-03-30 06:00:00,180,NA,NA,NA
1836-03-30 06:00:00,NA,NA,-0.56,NA
1836-03-30 06:00:00,NA,NA,NA,",BKN NA"
1836-03-30 14:00:00,180,NA,NA,NA
1836-03-30 14:00:00,NA,NA,4.44,NA
1836-03-30 14:00:00,NA,NA,NA,",BKN NA"
1836-03-30 21:00:00,180,NA,NA,NA
1836-03-30 21:00:00,NA,NA,0,NA
1836-03-30 21:00:00,NA,NA,NA,",SKC NA"
1836-03-31,NA,0,NA,NA
1836-03-31,NA,NA,NA,NA
1836-03-31 06:00:00,270,NA,NA,NA
1836-03-31 06:00:00,NA,NA,-1.67,NA
1836-03-31 06:00:00,NA,NA,NA,",SKC NA"
1836-03-31 14:00:00,270,NA,NA,NA
1836-03-31 14:00:00,NA,NA,8.33,NA
1836-03-31 14:00:00,NA,NA,NA,",SKC NA"
1836-03-31 21:00:00,180,NA,NA,NA
1836-03-31 21:00:00,NA,NA,1.67,NA
1836-03-31 21:00:00,NA,NA,NA,",SKC NA"
1836-04-01,NA,0,NA,NA
1836-04-01,NA,NA,NA,NA
1836-04-01 06:00:00,0,NA,NA,NA
1836-04-01 06:00:00,NA,NA,0,NA
1836-04-01 06:00:00,NA,NA,NA,",SKC NA"
1836-04-01 14:00:00,0,NA,NA,NA
1836-04-01 14:00:00,NA,NA,12.78,NA
1836-04-01 14:00:00,NA,NA,NA,",SKC NA"
1836-04-01 21:00:00,0,NA,NA,NA
1836-04-01 21:00:00,NA,NA,2.22,NA
1836-04-01 21:00:00,NA,NA,NA,",SKC NA"
1836-04-02,NA,0,NA,NA
1836-04-02,NA,NA,NA,NA
1836-04-02 06:00:00,0,NA,NA,NA
1836-04-02 06:00:00,NA,NA,-3.33,NA
1836-04-02 06:00:00,NA,NA,NA,",SKC NA"
1836-04-02 14:00:00,0,NA,NA,NA
1836-04-02 14:00:00,NA,NA,12.78,NA
1836-04-02 14:00:00,NA,NA,NA,",SKC NA"
1836-04-02 21:00:00,225,NA,NA,NA
1836-04-02 21:00:00,NA,NA,4.44,NA
1836-04-02 21:00:00,NA,NA,NA,",BKN NA"
1836-04-03,NA,0,NA,NA
1836-04-03,NA,NA,NA,NA
1836-04-03 06:00:00,315,NA,NA,NA
1836-04-03 06:00:00,NA,NA,1.11,NA
1836-04-03 06:00:00,NA,NA,NA,",SKC NA"
1836-04-03 14:00:00,315,NA,NA,NA
1836-04-03 14:00:00,NA,NA,11.67,NA
1836-04-03 14:00:00,NA,NA,NA,",SKC NA"
1836-04-03 21:00:00,315,NA,NA,NA
1836-04-03 21:00:00,NA,NA,1.67,NA
1836-04-03 21:00:00,NA,NA,NA,",SKC NA"
1836-04-04,NA,0,NA,NA
1836-04-04,NA,NA,NA,NA
1836-04-04 06:00:00,0,NA,NA,NA
1836-04-04 06:00:00,NA,NA,1.67,NA
1836-04-04 06:00:00,NA,NA,NA,",SKC NA"
1836-04-04 14:00:00,0,NA,NA,NA
1836-04-04 14:00:00,NA,NA,7.22,NA
1836-04-04 14:00:00,NA,NA,NA,",SKC NA"
1836-04-04 21:00:00,0,NA,NA,NA
1836-04-04 21:00:00,NA,NA,-0.56,NA
1836-04-04 21:00:00,NA,NA,NA,",SKC NA"
1836-04-05,NA,0,NA,NA
1836-04-05,NA,NA,NA,NA
1836-04-05 06:00:00,0,NA,NA,NA
1836-04-05 06:00:00,NA,NA,-11.11,NA
1836-04-05 06:00:00,NA,NA,NA,",SKC NA"
1836-04-05 14:00:00,0,NA,NA,NA
1836-04-05 14:00:00,NA,NA,1.67,NA
1836-04-05 14:00:00,NA,NA,NA,",SKC NA"
1836-04-05 21:00:00,0,NA,NA,NA
1836-04-05 21:00:00,NA,NA,-5.56,NA
1836-04-05 21:00:00,NA,NA,NA,",SKC NA"
1836-04-06,NA,0,NA,NA
1836-04-06,NA,NA,NA,NA
1836-04-06 06:00:00,270,NA,NA,NA
1836-04-06 06:00:00,NA,NA,-6.11,NA
1836-04-06 06:00:00,NA,NA,NA,",BKN NA"
1836-04-06 14:00:00,270,NA,NA,NA
1836-04-06 14:00:00,NA,NA,5,NA
1836-04-06 14:00:00,NA,NA,NA,",BKN NA"
1836-04-06 21:00:00,270,NA,NA,NA
1836-04-06 21:00:00,NA,NA,-6.67,NA
1836-04-06 21:00:00,NA,NA,NA,",BKN NA"
1836-04-07,NA,0,NA,NA
1836-04-07,NA,NA,NA,NA
1836-04-07 06:00:00,315,NA,NA,NA
1836-04-07 06:00:00,NA,NA,-6.11,NA
1836-04-07 06:00:00,NA,NA,NA,",SKC NA"
1836-04-07 14:00:00,315,NA,NA,NA
1836-04-07 14:00:00,NA,NA,8.89,NA
1836-04-07 14:00:00,NA,NA,NA,",BKN NA"
1836-04-07 21:00:00,225,NA,NA,NA
1836-04-07 21:00:00,NA,NA,2.22,NA
1836-04-07 21:00:00,NA,NA,NA,",BKN NA"
1836-04-08,NA,0,NA,NA
1836-04-08,NA,NA,NA,NA
1836-04-08 06:00:00,270,NA,NA,NA
1836-04-08 06:00:00,NA,NA,-0.56,NA
1836-04-08 06:00:00,NA,NA,NA,",SKC NA"
1836-04-08 14:00:00,180,NA,NA,NA
1836-04-08 14:00:00,NA,NA,13.89,NA
1836-04-08 14:00:00,NA,NA,NA,NA
1836-04-08 21:00:00,180,NA,NA,NA
1836-04-08 21:00:00,NA,NA,8.89,NA
1836-04-08 21:00:00,NA,NA,NA,",BKN NA"
1836-04-09,NA,0,NA,NA
1836-04-09,NA,NA,NA,NA
1836-04-09 06:00:00,180,NA,NA,NA
1836-04-09 06:00:00,NA,NA,5,NA
1836-04-09 06:00:00,NA,NA,NA,",RA NA"
1836-04-09 14:00:00,180,NA,NA,NA
1836-04-09 14:00:00,NA,NA,8.33,NA
1836-04-09 14:00:00,NA,NA,NA,",BKN NA"
1836-04-09 21:00:00,0,NA,NA,NA
1836-04-09 21:00:00,NA,NA,-0.56,NA
1836-04-09 21:00:00,NA,NA,NA,",RA NA"
1836-04-10,NA,25.4,NA,NA
1836-04-10,NA,NA,NA,NA
1836-04-10 06:00:00,0,NA,NA,NA
1836-04-10 06:00:00,NA,NA,0,NA
1836-04-10 06:00:00,NA,NA,NA,",RA NA"
1836-04-10 14:00:00,0,NA,NA,NA
1836-04-10 14:00:00,NA,NA,-3.33,NA
1836-04-10 14:00:00,NA,NA,NA,",SN NA"
1836-04-10 21:00:00,0,NA,NA,NA
1836-04-10 21:00:00,NA,NA,-6.67,NA
1836-04-10 21:00:00,NA,NA,NA,",BKN NA"
1836-04-11,NA,0,NA,NA
1836-04-11,NA,NA,NA,NA
1836-04-11 06:00:00,0,NA,NA,NA
1836-04-11 06:00:00,NA,NA,-10,NA
1836-04-11 06:00:00,NA,NA,NA,",SKC NA"
1836-04-11 14:00:00,0,NA,NA,NA
1836-04-11 14:00:00,NA,NA,-3.33,NA
1836-04-11 14:00:00,NA,NA,NA,",BKN NA"
1836-04-11 21:00:00,0,NA,NA,NA
1836-04-11 21:00:00,NA,NA,-7.78,NA
1836-04-11 21:00:00,NA,NA,NA,",BKN NA"
1836-04-12,NA,0,NA,NA
1836-04-12,NA,NA,NA,NA
1836-04-12 06:00:00,0,NA,NA,NA
1836-04-12 06:00:00,NA,NA,-11.67,NA
1836-04-12 06:00:00,NA,NA,NA,",SKC NA"
1836-04-12 14:00:00,0,NA,NA,NA
1836-04-12 14:00:00,NA,NA,1.11,NA
1836-04-12 14:00:00,NA,NA,NA,",SKC NA"
1836-04-12 21:00:00,0,NA,NA,NA
1836-04-12 21:00:00,NA,NA,-5.56,NA
1836-04-12 21:00:00,NA,NA,NA,",SKC NA"
1836-04-13,NA,0,NA,NA
1836-04-13,NA,NA,NA,NA
1836-04-13 06:00:00,0,NA,NA,NA
1836-04-13 06:00:00,NA,NA,-9.44,NA
1836-04-13 06:00:00,NA,NA,NA,",SKC NA"
1836-04-13 14:00:00,0,NA,NA,NA
1836-04-13 14:00:00,NA,NA,4.44,NA
1836-04-13 14:00:00,NA,NA,NA,",BKN NA"
1836-04-13 21:00:00,0,NA,NA,NA
1836-04-13 21:00:00,NA,NA,-3.33,NA
1836-04-13 21:00:00,NA,NA,NA,",SN NA"
1836-04-14,NA,7.37,NA,NA
1836-04-14,NA,NA,NA,NA
1836-04-14 06:00:00,180,NA,NA,NA
1836-04-14 06:00:00,NA,NA,-2.22,NA
1836-04-14 06:00:00,NA,NA,NA,",BKN NA"
1836-04-14 14:00:00,180,NA,NA,NA
1836-04-14 14:00:00,NA,NA,6.11,NA
1836-04-14 14:00:00,NA,NA,NA,",BKN NA"
1836-04-14 21:00:00,0,NA,NA,NA
1836-04-14 21:00:00,NA,NA,0.56,NA
1836-04-14 21:00:00,NA,NA,NA,",BKN NA"
1836-04-15,NA,0,NA,NA
1836-04-15,NA,NA,NA,NA
1836-04-15 06:00:00,0,NA,NA,NA
1836-04-15 06:00:00,NA,NA,-1.67,NA
1836-04-15 06:00:00,NA,NA,NA,",BKN NA"
1836-04-15 14:00:00,0,NA,NA,NA
1836-04-15 14:00:00,NA,NA,11.11,NA
1836-04-15 14:00:00,NA,NA,NA,",RA NA"
1836-04-15 21:00:00,0,NA,NA,NA
1836-04-15 21:00:00,NA,NA,-1.67,NA
1836-04-15 21:00:00,NA,NA,NA,",SKC NA"
1836-04-16,NA,0,NA,NA
1836-04-16,NA,NA,NA,NA
1836-04-16 06:00:00,180,NA,NA,NA
1836-04-16 06:00:00,NA,NA,-2.22,NA
1836-04-16 06:00:00,NA,NA,NA,",SKC NA"
1836-04-16 14:00:00,180,NA,NA,NA
1836-04-16 14:00:00,NA,NA,10.56,NA
1836-04-16 14:00:00,NA,NA,NA,",SKC NA"
1836-04-16 21:00:00,180,NA,NA,NA
1836-04-16 21:00:00,NA,NA,2.78,NA
1836-04-16 21:00:00,NA,NA,NA,",SKC NA"
1836-04-17,NA,0,NA,NA
1836-04-17,NA,NA,NA,NA
1836-04-17 06:00:00,180,NA,NA,NA
1836-04-17 06:00:00,NA,NA,0,NA
1836-04-17 06:00:00,NA,NA,NA,",SKC NA"
1836-04-17 14:00:00,180,NA,NA,NA
1836-04-17 14:00:00,NA,NA,12.78,NA
1836-04-17 14:00:00,NA,NA,NA,",SKC NA"
1836-04-17 21:00:00,180,NA,NA,NA
1836-04-17 21:00:00,NA,NA,4.44,NA
1836-04-17 21:00:00,NA,NA,NA,",SKC NA"
1836-04-18,NA,0,NA,NA
1836-04-18,NA,NA,NA,NA
1836-04-18 06:00:00,180,NA,NA,NA
1836-04-18 06:00:00,NA,NA,5.56,NA
1836-04-18 06:00:00,NA,NA,NA,",BKN NA"
1836-04-18 14:00:00,180,NA,NA,NA
1836-04-18 14:00:00,NA,NA,13.33,NA
1836-04-18 14:00:00,NA,NA,NA,",BKN NA"
1836-04-18 21:00:00,180,NA,NA,NA
1836-04-18 21:00:00,NA,NA,4.44,NA
1836-04-18 21:00:00,NA,NA,NA,",RA NA"
1836-04-19,NA,7.37,NA,NA
1836-04-19,NA,NA,NA,NA
1836-04-19 06:00:00,225,NA,NA,NA
1836-04-19 06:00:00,NA,NA,3.33,NA
1836-04-19 06:00:00,NA,NA,NA,",BKN NA"
1836-04-19 14:00:00,270,NA,NA,NA
1836-04-19 14:00:00,NA,NA,9.44,NA
1836-04-19 14:00:00,NA,NA,NA,",RA NA"
1836-04-19 21:00:00,0,NA,NA,NA
1836-04-19 21:00:00,NA,NA,-1.11,NA
1836-04-19 21:00:00,NA,NA,NA,",SKC NA"
1836-04-20,NA,0,NA,NA
1836-04-20,NA,NA,NA,NA
1836-04-20 06:00:00,270,NA,NA,NA
1836-04-20 06:00:00,NA,NA,-1.67,NA
1836-04-20 06:00:00,NA,NA,NA,",SKC NA"
1836-04-20 14:00:00,180,NA,NA,NA
1836-04-20 14:00:00,NA,NA,18.33,NA
1836-04-20 14:00:00,NA,NA,NA,",SKC NA"
1836-04-20 21:00:00,180,NA,NA,NA
1836-04-20 21:00:00,NA,NA,9.44,NA
1836-04-20 21:00:00,NA,NA,NA,",SKC NA"
1836-04-21,NA,0,NA,NA
1836-04-21,NA,NA,NA,NA
1836-04-21 06:00:00,180,NA,NA,NA
1836-04-21 06:00:00,NA,NA,0,NA
1836-04-21 06:00:00,NA,NA,NA,",SKC NA"
1836-04-21 14:00:00,180,NA,NA,NA
1836-04-21 14:00:00,NA,NA,19.44,NA
1836-04-21 14:00:00,NA,NA,NA,",SKC NA"
1836-04-21 21:00:00,180,NA,NA,NA
1836-04-21 21:00:00,NA,NA,2.22,NA
1836-04-21 21:00:00,NA,NA,NA,",SKC NA"
1836-04-22,NA,0,NA,NA
1836-04-22,NA,NA,NA,NA
1836-04-22 06:00:00,270,NA,NA,NA
1836-04-22 06:00:00,NA,NA,-2.78,NA
1836-04-22 06:00:00,NA,NA,NA,",SN NA"
1836-04-22 14:00:00,0,NA,NA,NA
1836-04-22 14:00:00,NA,NA,2.22,NA
1836-04-22 14:00:00,NA,NA,NA,",SQ NA"
1836-04-22 21:00:00,0,NA,NA,NA
1836-04-22 21:00:00,NA,NA,-2.78,NA
1836-04-22 21:00:00,NA,NA,NA,",SKC NA"
1836-04-23,NA,0,NA,NA
1836-04-23,NA,NA,NA,NA
1836-04-23 06:00:00,225,NA,NA,NA
1836-04-23 06:00:00,NA,NA,-4.44,NA
1836-04-23 06:00:00,NA,NA,NA,",SKC NA"
1836-04-23 14:00:00,180,NA,NA,NA
1836-04-23 14:00:00,NA,NA,1.11,NA
1836-04-23 14:00:00,NA,NA,NA,",BKN NA"
1836-04-23 21:00:00,180,NA,NA,NA
1836-04-23 21:00:00,NA,NA,2.78,NA
1836-04-23 21:00:00,NA,NA,NA,",SKC NA"
1836-04-24,NA,0,NA,NA
1836-04-24,NA,NA,NA,NA
1836-04-24 06:00:00,270,NA,NA,NA
1836-04-24 06:00:00,NA,NA,-1.11,NA
1836-04-24 06:00:00,NA,NA,NA,",BKN NA"
1836-04-24 14:00:00,270,NA,NA,NA
1836-04-24 14:00:00,NA,NA,1.67,NA
1836-04-24 14:00:00,NA,NA,NA,",BKN NA"
1836-04-24 21:00:00,0,NA,NA,NA
1836-04-24 21:00:00,NA,NA,-2.78,NA
1836-04-24 21:00:00,NA,NA,NA,",SKC NA"
1836-04-25,NA,0,NA,NA
1836-04-25,NA,NA,NA,NA
1836-04-25 06:00:00,0,NA,NA,NA
1836-04-25 06:00:00,NA,NA,-11.67,NA
1836-04-25 06:00:00,NA,NA,NA,",BKN NA"
1836-04-25 14:00:00,0,NA,NA,NA
1836-04-25 14:00:00,NA,NA,6.67,NA
1836-04-25 14:00:00,NA,NA,NA,",BKN NA"
1836-04-25 21:00:00,180,NA,NA,NA
1836-04-25 21:00:00,NA,NA,1.11,NA
1836-04-25 21:00:00,NA,NA,NA,",BKN NA"
1836-04-26,NA,0,NA,NA
1836-04-26,NA,NA,NA,NA
1836-04-26 06:00:00,180,NA,NA,NA
1836-04-26 06:00:00,NA,NA,2.78,NA
1836-04-26 06:00:00,NA,NA,NA,",RA NA"
1836-04-26 14:00:00,180,NA,NA,NA
1836-04-26 14:00:00,NA,NA,10,NA
1836-04-26 14:00:00,NA,NA,NA,",BKN NA"
1836-04-26 21:00:00,180,NA,NA,NA
1836-04-26 21:00:00,NA,NA,4.44,NA
1836-04-26 21:00:00,NA,NA,NA,",SKC NA"
1836-04-27,NA,8.64,NA,NA
1836-04-27,NA,NA,NA,NA
1836-04-27 06:00:00,0,NA,NA,NA
1836-04-27 06:00:00,NA,NA,1.11,NA
1836-04-27 06:00:00,NA,NA,NA,",BKN NA"
1836-04-27 14:00:00,315,NA,NA,NA
1836-04-27 14:00:00,NA,NA,10.56,NA
1836-04-27 14:00:00,NA,NA,NA,",BKN NA"
1836-04-27 21:00:00,270,NA,NA,NA
1836-04-27 21:00:00,NA,NA,0,NA
1836-04-27 21:00:00,NA,NA,NA,",SKC NA"
1836-04-28,NA,0,NA,NA
1836-04-28,NA,NA,NA,NA
1836-04-28 06:00:00,270,NA,NA,NA
1836-04-28 06:00:00,NA,NA,-3.33,NA
1836-04-28 06:00:00,NA,NA,NA,",SKC NA"
1836-04-28 14:00:00,270,NA,NA,NA
1836-04-28 14:00:00,NA,NA,12.22,NA
1836-04-28 14:00:00,NA,NA,NA,",SKC NA"
1836-04-28 21:00:00,270,NA,NA,NA
1836-04-28 21:00:00,NA,NA,1.67,NA
1836-04-28 21:00:00,NA,NA,NA,",SKC NA"
1836-04-29,NA,13.46,NA,NA
1836-04-29,NA,NA,NA,NA
1836-04-29 06:00:00,270,NA,NA,NA
1836-04-29 06:00:00,NA,NA,0.56,NA
1836-04-29 06:00:00,NA,NA,NA,",BKN NA"
1836-04-29 14:00:00,225,NA,NA,NA
1836-04-29 14:00:00,NA,NA,4.44,NA
1836-04-29 14:00:00,NA,NA,NA,",RA NA"
1836-04-29 21:00:00,225,NA,NA,NA
1836-04-29 21:00:00,NA,NA,3.89,NA
1836-04-29 21:00:00,NA,NA,NA,",RA NA"
1836-04-30,NA,0,NA,NA
1836-04-30,NA,NA,NA,NA
1836-04-30 06:00:00,225,NA,NA,NA
1836-04-30 06:00:00,NA,NA,3.89,NA
1836-04-30 06:00:00,NA,NA,NA,",BKN NA"
1836-04-30 14:00:00,225,NA,NA,NA
1836-04-30 14:00:00,NA,NA,14.44,NA
1836-04-30 14:00:00,NA,NA,NA,",SKC NA"
1836-04-30 21:00:00,180,NA,NA,NA
1836-04-30 21:00:00,NA,NA,5.56,NA
1836-04-30 21:00:00,NA,NA,NA,",SKC NA"
1836-05-01,NA,0,NA,NA
1836-05-01,NA,NA,NA,NA
1836-05-01 06:00:00,180,NA,NA,NA
1836-05-01 06:00:00,NA,NA,3.33,NA
1836-05-01 06:00:00,NA,NA,NA,",SKC NA"
1836-05-01 14:00:00,225,NA,NA,NA
1836-05-01 14:00:00,NA,NA,19.44,NA
1836-05-01 14:00:00,NA,NA,NA,",SKC NA"
1836-05-01 21:00:00,180,NA,NA,NA
1836-05-01 21:00:00,NA,NA,8.89,NA
1836-05-01 21:00:00,NA,NA,NA,",SKC NA"
1836-05-02,NA,0,NA,NA
1836-05-02,NA,NA,NA,NA
1836-05-02 06:00:00,270,NA,NA,NA
1836-05-02 06:00:00,NA,NA,4.44,NA
1836-05-02 06:00:00,NA,NA,NA,",SKC NA"
1836-05-02 14:00:00,270,NA,NA,NA
1836-05-02 14:00:00,NA,NA,16.11,NA
1836-05-02 14:00:00,NA,NA,NA,",RA NA"
1836-05-02 21:00:00,270,NA,NA,NA
1836-05-02 21:00:00,NA,NA,12.22,NA
1836-05-02 21:00:00,NA,NA,NA,",RA NA"
1836-05-03,NA,0,NA,NA
1836-05-03,NA,NA,NA,NA
1836-05-03 06:00:00,270,NA,NA,NA
1836-05-03 06:00:00,NA,NA,7.78,NA
1836-05-03 06:00:00,NA,NA,NA,",BKN NA"
1836-05-03 14:00:00,270,NA,NA,NA
1836-05-03 14:00:00,NA,NA,16.67,NA
1836-05-03 14:00:00,NA,NA,NA,",BKN NA"
1836-05-03 21:00:00,315,NA,NA,NA
1836-05-03 21:00:00,NA,NA,15,NA
1836-05-03 21:00:00,NA,NA,NA,",RA NA"
1836-05-04,NA,0,NA,NA
1836-05-04,NA,NA,NA,NA
1836-05-04 06:00:00,0,NA,NA,NA
1836-05-04 06:00:00,NA,NA,3.89,NA
1836-05-04 06:00:00,NA,NA,NA,",BKN NA"
1836-05-04 14:00:00,315,NA,NA,NA
1836-05-04 14:00:00,NA,NA,5,NA
1836-05-04 14:00:00,NA,NA,NA,",BKN NA"
1836-05-04 21:00:00,315,NA,NA,NA
1836-05-04 21:00:00,NA,NA,2.22,NA
1836-05-04 21:00:00,NA,NA,NA,",SKC NA"
1836-05-05,NA,0,NA,NA
1836-05-05,NA,NA,NA,NA
1836-05-05 06:00:00,0,NA,NA,NA
1836-05-05 06:00:00,NA,NA,-3.89,NA
1836-05-05 06:00:00,NA,NA,NA,",SKC NA"
1836-05-05 14:00:00,0,NA,NA,NA
1836-05-05 14:00:00,NA,NA,12.78,NA
1836-05-05 14:00:00,NA,NA,NA,",SKC NA"
1836-05-05 21:00:00,0,NA,NA,NA
1836-05-05 21:00:00,NA,NA,2.22,NA
1836-05-05 21:00:00,NA,NA,NA,",SKC NA"
1836-05-06,NA,0,NA,NA
1836-05-06,NA,NA,NA,NA
1836-05-06 06:00:00,0,NA,NA,NA
1836-05-06 06:00:00,NA,NA,1.11,NA
1836-05-06 06:00:00,NA,NA,NA,",SKC NA"
1836-05-06 14:00:00,0,NA,NA,NA
1836-05-06 14:00:00,NA,NA,18.33,NA
1836-05-06 14:00:00,NA,NA,NA,",SKC NA"
1836-05-06 21:00:00,0,NA,NA,NA
1836-05-06 21:00:00,NA,NA,11.11,NA
1836-05-06 21:00:00,NA,NA,NA,",SKC NA"
1836-05-07,NA,6.86,NA,NA
1836-05-07,NA,NA,NA,NA
1836-05-07 06:00:00,180,NA,NA,NA
1836-05-07 06:00:00,NA,NA,7.78,NA
1836-05-07 06:00:00,NA,NA,NA,",SKC NA"
1836-05-07 14:00:00,0,NA,NA,NA
1836-05-07 14:00:00,NA,NA,15.56,NA
1836-05-07 14:00:00,NA,NA,NA,",BKN NA"
1836-05-07 21:00:00,0,NA,NA,NA
1836-05-07 21:00:00,NA,NA,10,NA
1836-05-07 21:00:00,NA,NA,NA,",BKN NA"
1836-05-08,NA,0,NA,NA
1836-05-08,NA,NA,NA,NA
1836-05-08 06:00:00,0,NA,NA,NA
1836-05-08 06:00:00,NA,NA,1.67,NA
1836-05-08 06:00:00,NA,NA,NA,",SKC NA"
1836-05-08 14:00:00,180,NA,NA,NA
1836-05-08 14:00:00,NA,NA,12.22,NA
1836-05-08 14:00:00,NA,NA,NA,NA
1836-05-08 21:00:00,180,NA,NA,NA
1836-05-08 21:00:00,NA,NA,4.44,NA
1836-05-08 21:00:00,NA,NA,NA,",SKC NA"
1836-05-09,NA,0,NA,NA
1836-05-09,NA,NA,NA,NA
1836-05-09 06:00:00,0,NA,NA,NA
1836-05-09 06:00:00,NA,NA,-0.56,NA
1836-05-09 06:00:00,NA,NA,NA,",SKC NA"
1836-05-09 14:00:00,0,NA,NA,NA
1836-05-09 14:00:00,NA,NA,17.22,NA
1836-05-09 14:00:00,NA,NA,NA,",SKC NA"
1836-05-09 21:00:00,180,NA,NA,NA
1836-05-09 21:00:00,NA,NA,3.33,NA
1836-05-09 21:00:00,NA,NA,NA,",SKC NA"
1836-05-10,NA,0,NA,NA
1836-05-10,NA,NA,NA,NA
1836-05-10 06:00:00,270,NA,NA,NA
1836-05-10 06:00:00,NA,NA,1.67,NA
1836-05-10 06:00:00,NA,NA,NA,",SKC NA"
1836-05-10 14:00:00,180,NA,NA,NA
1836-05-10 14:00:00,NA,NA,22.22,NA
1836-05-10 14:00:00,NA,NA,NA,",SKC NA"
1836-05-10 21:00:00,180,NA,NA,NA
1836-05-10 21:00:00,NA,NA,15.56,NA
1836-05-10 21:00:00,NA,NA,NA,",SKC NA"
1836-05-11,NA,0,NA,NA
1836-05-11,NA,NA,NA,NA
1836-05-11 06:00:00,180,NA,NA,NA
1836-05-11 06:00:00,NA,NA,11.67,NA
1836-05-11 06:00:00,NA,NA,NA,",SKC NA"
1836-05-11 14:00:00,180,NA,NA,NA
1836-05-11 14:00:00,NA,NA,26.67,NA
1836-05-11 14:00:00,NA,NA,NA,",SKC NA"
1836-05-11 21:00:00,180,NA,NA,NA
1836-05-11 21:00:00,NA,NA,16.67,NA
1836-05-11 21:00:00,NA,NA,NA,",BKN NA"
1836-05-12,NA,0,NA,NA
1836-05-12,NA,NA,NA,NA
1836-05-12 06:00:00,180,NA,NA,NA
1836-05-12 06:00:00,NA,NA,11.11,NA
1836-05-12 06:00:00,NA,NA,NA,",SKC NA"
1836-05-12 14:00:00,180,NA,NA,NA
1836-05-12 14:00:00,NA,NA,28.33,NA
1836-05-12 14:00:00,NA,NA,NA,",SKC NA"
1836-05-12 21:00:00,180,NA,NA,NA
1836-05-12 21:00:00,NA,NA,10,NA
1836-05-12 21:00:00,NA,NA,NA,",RA NA"
1836-05-13,NA,7.37,NA,NA
1836-05-13,NA,NA,NA,NA
1836-05-13 06:00:00,45,NA,NA,NA
1836-05-13 06:00:00,NA,NA,-1.11,NA
1836-05-13 06:00:00,NA,NA,NA,",SN NA"
1836-05-13 14:00:00,0,NA,NA,NA
1836-05-13 14:00:00,NA,NA,4.44,NA
1836-05-13 14:00:00,NA,NA,NA,",BKN NA"
1836-05-13 21:00:00,0,NA,NA,NA
1836-05-13 21:00:00,NA,NA,-2.78,NA
1836-05-13 21:00:00,NA,NA,NA,",SKC NA"
1836-05-14,NA,0,NA,NA
1836-05-14,NA,NA,NA,NA
1836-05-14 06:00:00,0,NA,NA,NA
1836-05-14 06:00:00,NA,NA,-6.67,NA
1836-05-14 06:00:00,NA,NA,NA,",SKC NA"
1836-05-14 14:00:00,0,NA,NA,NA
1836-05-14 14:00:00,NA,NA,6.67,NA
1836-05-14 14:00:00,NA,NA,NA,",SKC NA"
1836-05-14 21:00:00,0,NA,NA,NA
1836-05-14 21:00:00,NA,NA,1.67,NA
1836-05-14 21:00:00,NA,NA,NA,",SKC NA"
1836-05-15,NA,0,NA,NA
1836-05-15,NA,NA,NA,NA
1836-05-15 06:00:00,180,NA,NA,NA
1836-05-15 06:00:00,NA,NA,3.33,NA
1836-05-15 06:00:00,NA,NA,NA,",BKN NA"
1836-05-15 14:00:00,180,NA,NA,NA
1836-05-15 14:00:00,NA,NA,15.56,NA
1836-05-15 14:00:00,NA,NA,NA,",BKN NA"
1836-05-15 21:00:00,180,NA,NA,NA
1836-05-15 21:00:00,NA,NA,14.44,NA
1836-05-15 21:00:00,NA,NA,NA,",SKC NA"
1836-05-16,NA,2.29,NA,NA
1836-05-16,NA,NA,NA,NA
1836-05-16 06:00:00,180,NA,NA,NA
1836-05-16 06:00:00,NA,NA,11.67,NA
1836-05-16 06:00:00,NA,NA,NA,",BKN NA"
1836-05-16 14:00:00,180,NA,NA,NA
1836-05-16 14:00:00,NA,NA,27.78,NA
1836-05-16 14:00:00,NA,NA,NA,",SKC NA"
1836-05-16 21:00:00,180,NA,NA,NA
1836-05-16 21:00:00,NA,NA,21.67,NA
1836-05-16 21:00:00,NA,NA,NA,",BKN NA"
1836-05-17,NA,2.03,NA,NA
1836-05-17,NA,NA,NA,NA
1836-05-17 06:00:00,180,NA,NA,NA
1836-05-17 06:00:00,NA,NA,14.44,NA
1836-05-17 06:00:00,NA,NA,NA,",BKN NA"
1836-05-17 14:00:00,180,NA,NA,NA
1836-05-17 14:00:00,NA,NA,23.33,NA
1836-05-17 14:00:00,NA,NA,NA,NA
1836-05-17 21:00:00,180,NA,NA,NA
1836-05-17 21:00:00,NA,NA,10,NA
1836-05-17 21:00:00,NA,NA,NA,",BKN NA"
1836-05-18,NA,1.27,NA,NA
1836-05-18,NA,NA,NA,NA
1836-05-18 06:00:00,180,NA,NA,NA
1836-05-18 06:00:00,NA,NA,8.33,NA
1836-05-18 06:00:00,NA,NA,NA,",BKN NA"
1836-05-18 14:00:00,180,NA,NA,NA
1836-05-18 14:00:00,NA,NA,16.67,NA
1836-05-18 14:00:00,NA,NA,NA,",SKC NA"
1836-05-18 21:00:00,0,NA,NA,NA
1836-05-18 21:00:00,NA,NA,10,NA
1836-05-18 21:00:00,NA,NA,NA,",SKC NA"
1836-05-19,NA,0,NA,NA
1836-05-19,NA,NA,NA,NA
1836-05-19 06:00:00,0,NA,NA,NA
1836-05-19 06:00:00,NA,NA,8.89,NA
1836-05-19 06:00:00,NA,NA,NA,",SKC NA"
1836-05-19 14:00:00,0,NA,NA,NA
1836-05-19 14:00:00,NA,NA,15.56,NA
1836-05-19 14:00:00,NA,NA,NA,",SKC NA"
1836-05-19 21:00:00,0,NA,NA,NA
1836-05-19 21:00:00,NA,NA,4.44,NA
1836-05-19 21:00:00,NA,NA,NA,",SKC NA"
1836-05-20,NA,0,NA,NA
1836-05-20,NA,NA,NA,NA
1836-05-20 06:00:00,0,NA,NA,NA
1836-05-20 06:00:00,NA,NA,3.33,NA
1836-05-20 06:00:00,NA,NA,NA,",SKC NA"
1836-05-20 14:00:00,0,NA,NA,NA
1836-05-20 14:00:00,NA,NA,20,NA
1836-05-20 14:00:00,NA,NA,NA,",BKN NA"
1836-05-20 21:00:00,45,NA,NA,NA
1836-05-20 21:00:00,NA,NA,10,NA
1836-05-20 21:00:00,NA,NA,NA,",BKN NA"
1836-05-21,NA,0,NA,NA
1836-05-21,NA,NA,NA,NA
1836-05-21 06:00:00,90,NA,NA,NA
1836-05-21 06:00:00,NA,NA,11.11,NA
1836-05-21 06:00:00,NA,NA,NA,",RA NA"
1836-05-21 14:00:00,270,NA,NA,NA
1836-05-21 14:00:00,NA,NA,16.11,NA
1836-05-21 14:00:00,NA,NA,NA,",BKN NA"
1836-05-21 21:00:00,270,NA,NA,NA
1836-05-21 21:00:00,NA,NA,11.11,NA
1836-05-21 21:00:00,NA,NA,NA,",BKN NA"
1836-05-22,NA,0,NA,NA
1836-05-22,NA,NA,NA,NA
1836-05-22 06:00:00,180,NA,NA,NA
1836-05-22 06:00:00,NA,NA,6.67,NA
1836-05-22 06:00:00,NA,NA,NA,",BKN NA"
1836-05-22 14:00:00,180,NA,NA,NA
1836-05-22 14:00:00,NA,NA,14.44,NA
1836-05-22 14:00:00,NA,NA,NA,",BKN NA"
1836-05-22 21:00:00,90,NA,NA,NA
1836-05-22 21:00:00,NA,NA,7.78,NA
1836-05-22 21:00:00,NA,NA,NA,",BKN NA"
1836-05-23,NA,0,NA,NA
1836-05-23,NA,NA,NA,NA
1836-05-23 06:00:00,90,NA,NA,NA
1836-05-23 06:00:00,NA,NA,6.67,NA
1836-05-23 06:00:00,NA,NA,NA,",RA NA"
1836-05-23 14:00:00,90,NA,NA,NA
1836-05-23 14:00:00,NA,NA,10,NA
1836-05-23 14:00:00,NA,NA,NA,",RA NA"
1836-05-23 21:00:00,0,NA,NA,NA
1836-05-23 21:00:00,NA,NA,8.89,NA
1836-05-23 21:00:00,NA,NA,NA,",BKN NA"
1836-05-24,NA,22.1,NA,NA
1836-05-24,NA,NA,NA,NA
1836-05-24 06:00:00,0,NA,NA,NA
1836-05-24 06:00:00,NA,NA,9.44,NA
1836-05-24 06:00:00,NA,NA,NA,",BKN NA"
1836-05-24 14:00:00,90,NA,NA,NA
1836-05-24 14:00:00,NA,NA,9.44,NA
1836-05-24 14:00:00,NA,NA,NA,",RA NA"
1836-05-24 21:00:00,90,NA,NA,NA
1836-05-24 21:00:00,NA,NA,9.44,NA
1836-05-24 21:00:00,NA,NA,NA,",RA NA"
1836-05-25,NA,12.7,NA,NA
1836-05-25,NA,NA,NA,NA
1836-05-25 06:00:00,90,NA,NA,NA
1836-05-25 06:00:00,NA,NA,5.56,NA
1836-05-25 06:00:00,NA,NA,NA,",RA NA"
1836-05-25 14:00:00,90,NA,NA,NA
1836-05-25 14:00:00,NA,NA,7.22,NA
1836-05-25 14:00:00,NA,NA,NA,",RA NA"
1836-05-25 21:00:00,90,NA,NA,NA
1836-05-25 21:00:00,NA,NA,4.44,NA
1836-05-25 21:00:00,NA,NA,NA,",RA NA"
1836-05-26,NA,0,NA,NA
1836-05-26,NA,NA,NA,NA
1836-05-26 06:00:00,0,NA,NA,NA
1836-05-26 06:00:00,NA,NA,1.67,NA
1836-05-26 06:00:00,NA,NA,NA,",BKN NA"
1836-05-26 14:00:00,0,NA,NA,NA
1836-05-26 14:00:00,NA,NA,4.44,NA
1836-05-26 14:00:00,NA,NA,NA,",RA NA"
1836-05-26 21:00:00,0,NA,NA,NA
1836-05-26 21:00:00,NA,NA,4.44,NA
1836-05-26 21:00:00,NA,NA,NA,",BKN NA"
1836-05-27,NA,2.29,NA,NA
1836-05-27,NA,NA,NA,NA
1836-05-27 06:00:00,0,NA,NA,NA
1836-05-27 06:00:00,NA,NA,5.56,NA
1836-05-27 06:00:00,NA,NA,NA,",BKN NA"
1836-05-27 14:00:00,0,NA,NA,NA
1836-05-27 14:00:00,NA,NA,8.89,NA
1836-05-27 14:00:00,NA,NA,NA,",BKN NA"
1836-05-27 21:00:00,0,NA,NA,NA
1836-05-27 21:00:00,NA,NA,4.44,NA
1836-05-27 21:00:00,NA,NA,NA,",BKN NA"
1836-05-28,NA,0,NA,NA
1836-05-28,NA,NA,NA,NA
1836-05-28 06:00:00,0,NA,NA,NA
1836-05-28 06:00:00,NA,NA,10,NA
1836-05-28 06:00:00,NA,NA,NA,",BKN NA"
1836-05-28 14:00:00,0,NA,NA,NA
1836-05-28 14:00:00,NA,NA,16.67,NA
1836-05-28 14:00:00,NA,NA,NA,",BKN NA"
1836-05-28 21:00:00,180,NA,NA,NA
1836-05-28 21:00:00,NA,NA,11.67,NA
1836-05-28 21:00:00,NA,NA,NA,",BKN NA"
1836-05-29,NA,0,NA,NA
1836-05-29,NA,NA,NA,NA
1836-05-29 06:00:00,180,NA,NA,NA
1836-05-29 06:00:00,NA,NA,9.44,NA
1836-05-29 06:00:00,NA,NA,NA,",BKN NA"
1836-05-29 14:00:00,180,NA,NA,NA
1836-05-29 14:00:00,NA,NA,16.67,NA
1836-05-29 14:00:00,NA,NA,NA,NA
1836-05-29 21:00:00,180,NA,NA,NA
1836-05-29 21:00:00,NA,NA,11.11,NA
1836-05-29 21:00:00,NA,NA,NA,",BKN NA"
1836-05-30,NA,0,NA,NA
1836-05-30,NA,NA,NA,NA
1836-05-30 06:00:00,90,NA,NA,NA
1836-05-30 06:00:00,NA,NA,1.11,NA
1836-05-30 06:00:00,NA,NA,NA,",SKC NA"
1836-05-30 14:00:00,90,NA,NA,NA
1836-05-30 14:00:00,NA,NA,15.56,NA
1836-05-30 14:00:00,NA,NA,NA,",SKC NA"
1836-05-30 21:00:00,90,NA,NA,NA
1836-05-30 21:00:00,NA,NA,8.33,NA
1836-05-30 21:00:00,NA,NA,NA,",SKC NA"
1836-05-31,NA,0,NA,NA
1836-05-31,NA,NA,NA,NA
1836-05-31 06:00:00,180,NA,NA,NA
1836-05-31 06:00:00,NA,NA,1.67,NA
1836-05-31 06:00:00,NA,NA,NA,",SKC NA"
1836-05-31 14:00:00,180,NA,NA,NA
1836-05-31 14:00:00,NA,NA,18.89,NA
1836-05-31 14:00:00,NA,NA,NA,",SKC NA"
1836-05-31 21:00:00,180,NA,NA,NA
1836-05-31 21:00:00,NA,NA,15,NA
1836-05-31 21:00:00,NA,NA,NA,",SKC NA"
1836-06-01,NA,0,NA,NA
1836-06-01,NA,NA,NA,NA
1836-06-01 06:00:00,180,NA,NA,NA
1836-06-01 06:00:00,NA,NA,9.44,NA
1836-06-01 06:00:00,NA,NA,NA,",SKC NA"
1836-06-01 14:00:00,180,NA,NA,NA
1836-06-01 14:00:00,NA,NA,26.67,NA
1836-06-01 14:00:00,NA,NA,NA,",SKC NA"
1836-06-01 21:00:00,180,NA,NA,NA
1836-06-01 21:00:00,NA,NA,18.89,NA
1836-06-01 21:00:00,NA,NA,NA,",SKC NA"
1836-06-02,NA,0,NA,NA
1836-06-02,NA,NA,NA,NA
1836-06-02 06:00:00,180,NA,NA,NA
1836-06-02 06:00:00,NA,NA,10,NA
1836-06-02 06:00:00,NA,NA,NA,",SKC NA"
1836-06-02 14:00:00,180,NA,NA,NA
1836-06-02 14:00:00,NA,NA,30.56,NA
1836-06-02 14:00:00,NA,NA,NA,",SKC NA"
1836-06-02 21:00:00,180,NA,NA,NA
1836-06-02 21:00:00,NA,NA,20.56,NA
1836-06-02 21:00:00,NA,NA,NA,",SKC NA"
1836-06-03,NA,0,NA,NA
1836-06-03,NA,NA,NA,NA
1836-06-03 06:00:00,180,NA,NA,NA
1836-06-03 06:00:00,NA,NA,11.11,NA
1836-06-03 06:00:00,NA,NA,NA,",SKC NA"
1836-06-03 14:00:00,180,NA,NA,NA
1836-06-03 14:00:00,NA,NA,26.67,NA
1836-06-03 14:00:00,NA,NA,NA,",SKC NA"
1836-06-03 21:00:00,180,NA,NA,NA
1836-06-03 21:00:00,NA,NA,15.56,NA
1836-06-03 21:00:00,NA,NA,NA,",SKC NA"
1836-06-04,NA,0,NA,NA
1836-06-04,NA,NA,NA,NA
1836-06-04 06:00:00,180,NA,NA,NA
1836-06-04 06:00:00,NA,NA,9.44,NA
1836-06-04 06:00:00,NA,NA,NA,",SKC NA"
1836-06-04 14:00:00,180,NA,NA,NA
1836-06-04 14:00:00,NA,NA,26.67,NA
1836-06-04 14:00:00,NA,NA,NA,",SKC NA"
1836-06-04 21:00:00,180,NA,NA,NA
1836-06-04 21:00:00,NA,NA,17.22,NA
1836-06-04 21:00:00,NA,NA,NA,",SKC NA"
1836-06-05,NA,0,NA,NA
1836-06-05,NA,NA,NA,NA
1836-06-05 06:00:00,180,NA,NA,NA
1836-06-05 06:00:00,NA,NA,15,NA
1836-06-05 06:00:00,NA,NA,NA,",SKC NA"
1836-06-05 14:00:00,180,NA,NA,NA
1836-06-05 14:00:00,NA,NA,27.78,NA
1836-06-05 14:00:00,NA,NA,NA,",SKC NA"
1836-06-05 21:00:00,180,NA,NA,NA
1836-06-05 21:00:00,NA,NA,18.89,NA
1836-06-05 21:00:00,NA,NA,NA,",SKC NA"
1836-06-06,NA,0,NA,NA
1836-06-06,NA,NA,NA,NA
1836-06-06 06:00:00,180,NA,NA,NA
1836-06-06 06:00:00,NA,NA,10.56,NA
1836-06-06 06:00:00,NA,NA,NA,",SKC NA"
1836-06-06 14:00:00,180,NA,NA,NA
1836-06-06 14:00:00,NA,NA,26.67,NA
1836-06-06 14:00:00,NA,NA,NA,",SKC NA"
1836-06-06 21:00:00,180,NA,NA,NA
1836-06-06 21:00:00,NA,NA,18.89,NA
1836-06-06 21:00:00,NA,NA,NA,",SKC NA"
1836-06-07,NA,0,NA,NA
1836-06-07,NA,NA,NA,NA
1836-06-07 06:00:00,180,NA,NA,NA
1836-06-07 06:00:00,NA,NA,10,NA
1836-06-07 06:00:00,NA,NA,NA,",BKN NA"
1836-06-07 14:00:00,180,NA,NA,NA
1836-06-07 14:00:00,NA,NA,28.89,NA
1836-06-07 14:00:00,NA,NA,NA,NA
1836-06-07 21:00:00,NA,NA,NA,NA
1836-06-07 21:00:00,NA,NA,NA,NA
1836-06-07 21:00:00,NA,NA,NA,NA
1836-06-08,NA,0,NA,NA
1836-06-08,NA,NA,NA,NA
1836-06-08 06:00:00,NA,NA,NA,NA
1836-06-08 06:00:00,NA,NA,NA,NA
1836-06-08 06:00:00,NA,NA,NA,NA
1836-06-08 14:00:00,NA,NA,NA,NA
1836-06-08 14:00:00,NA,NA,30,NA
1836-06-08 14:00:00,NA,NA,NA,NA
1836-06-08 21:00:00,NA,NA,NA,NA
1836-06-08 21:00:00,NA,NA,NA,NA
1836-06-08 21:00:00,NA,NA,NA,NA
1836-06-09,NA,0,NA,NA
1836-06-09,NA,NA,NA,NA
1836-06-09 06:00:00,NA,NA,NA,NA
1836-06-09 06:00:00,NA,NA,NA,NA
1836-06-09 06:00:00,NA,NA,NA,NA
1836-06-09 14:00:00,NA,NA,NA,NA
1836-06-09 14:00:00,NA,NA,28.33,NA
1836-06-09 14:00:00,NA,NA,NA,NA
1836-06-09 21:00:00,NA,NA,NA,NA
1836-06-09 21:00:00,NA,NA,NA,NA
1836-06-09 21:00:00,NA,NA,NA,NA
1836-06-10,NA,0,NA,NA
1836-06-10,NA,NA,NA,NA
1836-06-10 06:00:00,NA,NA,NA,NA
1836-06-10 06:00:00,NA,NA,NA,NA
1836-06-10 06:00:00,NA,NA,NA,NA
1836-06-10 14:00:00,NA,NA,NA,NA
1836-06-10 14:00:00,NA,NA,26.67,NA
1836-06-10 14:00:00,NA,NA,NA,NA
1836-06-10 21:00:00,NA,NA,NA,NA
1836-06-10 21:00:00,NA,NA,NA,NA
1836-06-10 21:00:00,NA,NA,NA,NA
1836-06-11,NA,13.97,NA,NA
1836-06-11,NA,NA,NA,NA
1836-06-11 06:00:00,NA,NA,NA,NA
1836-06-11 06:00:00,NA,NA,NA,NA
1836-06-11 06:00:00,NA,NA,NA,NA
1836-06-11 14:00:00,NA,NA,NA,NA
1836-06-11 14:00:00,NA,NA,30.56,NA
1836-06-11 14:00:00,NA,NA,NA,NA
1836-06-11 21:00:00,NA,NA,NA,NA
1836-06-11 21:00:00,NA,NA,NA,NA
1836-06-11 21:00:00,NA,NA,NA,NA
1836-06-12,NA,0,NA,NA
1836-06-12,NA,NA,NA,NA
1836-06-12 06:00:00,NA,NA,NA,NA
1836-06-12 06:00:00,NA,NA,NA,NA
1836-06-12 06:00:00,NA,NA,NA,NA
1836-06-12 14:00:00,NA,NA,NA,NA
1836-06-12 14:00:00,NA,NA,NA,NA
1836-06-12 14:00:00,NA,NA,NA,NA
1836-06-12 21:00:00,NA,NA,NA,NA
1836-06-12 21:00:00,NA,NA,NA,NA
1836-06-12 21:00:00,NA,NA,NA,NA
1836-06-13,NA,0,NA,NA
1836-06-13,NA,NA,NA,NA
1836-06-13 06:00:00,NA,NA,NA,NA
1836-06-13 06:00:00,NA,NA,1.67,NA
1836-06-13 06:00:00,NA,NA,NA,NA
1836-06-13 14:00:00,NA,NA,NA,NA
1836-06-13 14:00:00,NA,NA,NA,NA
1836-06-13 14:00:00,NA,NA,NA,NA
1836-06-13 21:00:00,NA,NA,NA,NA
1836-06-13 21:00:00,NA,NA,NA,NA
1836-06-13 21:00:00,NA,NA,NA,NA
1836-06-14,NA,0,NA,NA
1836-06-14,NA,NA,NA,NA
1836-06-14 06:00:00,270,NA,NA,NA
1836-06-14 06:00:00,NA,NA,1.11,NA
1836-06-14 06:00:00,NA,NA,NA,",SKC NA"
1836-06-14 14:00:00,270,NA,NA,NA
1836-06-14 14:00:00,NA,NA,NA,NA
1836-06-14 14:00:00,NA,NA,NA,NA
1836-06-14 21:00:00,270,NA,NA,NA
1836-06-14 21:00:00,NA,NA,NA,NA
1836-06-14 21:00:00,NA,NA,NA,",BKN NA"
1836-06-15,NA,0,NA,NA
1836-06-15,NA,NA,NA,NA
1836-06-15 06:00:00,315,NA,NA,NA
1836-06-15 06:00:00,NA,NA,5.56,NA
1836-06-15 06:00:00,NA,NA,NA,",BKN NA"
1836-06-15 14:00:00,337.5,NA,NA,NA
1836-06-15 14:00:00,NA,NA,12.22,NA
1836-06-15 14:00:00,NA,NA,NA,",SKC NA"
1836-06-15 21:00:00,315,NA,NA,NA
1836-06-15 21:00:00,NA,NA,10,NA
1836-06-15 21:00:00,NA,NA,NA,",SKC NA"
1836-06-16,NA,0,NA,NA
1836-06-16,NA,NA,NA,NA
1836-06-16 06:00:00,315,NA,NA,NA
1836-06-16 06:00:00,NA,NA,10,NA
1836-06-16 06:00:00,NA,NA,NA,",BKN NA"
1836-06-16 14:00:00,315,NA,NA,NA
1836-06-16 14:00:00,NA,NA,15.56,NA
1836-06-16 14:00:00,NA,NA,NA,",BKN NA"
1836-06-16 21:00:00,315,NA,NA,NA
1836-06-16 21:00:00,NA,NA,9.44,NA
1836-06-16 21:00:00,NA,NA,NA,",RA NA"
1836-06-17,NA,12.7,NA,NA
1836-06-17,NA,NA,NA,NA
1836-06-17 06:00:00,0,NA,NA,NA
1836-06-17 06:00:00,NA,NA,10,NA
1836-06-17 06:00:00,NA,NA,NA,",BKN NA"
1836-06-17 14:00:00,0,NA,NA,NA
1836-06-17 14:00:00,NA,NA,17.78,NA
1836-06-17 14:00:00,NA,NA,NA,",SKC NA"
1836-06-17 21:00:00,0,NA,NA,NA
1836-06-17 21:00:00,NA,NA,8.89,NA
1836-06-17 21:00:00,NA,NA,NA,",SKC NA"
1836-06-18,NA,0,NA,NA
1836-06-18,NA,NA,NA,NA
1836-06-18 06:00:00,0,NA,NA,NA
1836-06-18 06:00:00,NA,NA,11.11,NA
1836-06-18 06:00:00,NA,NA,NA,",BKN NA"
1836-06-18 14:00:00,225,NA,NA,NA
1836-06-18 14:00:00,NA,NA,11.67,NA
1836-06-18 14:00:00,NA,NA,NA,",RA NA"
1836-06-18 21:00:00,180,NA,NA,NA
1836-06-18 21:00:00,NA,NA,11.11,NA
1836-06-18 21:00:00,NA,NA,NA,",RA NA"
1836-06-19,NA,0,NA,NA
1836-06-19,NA,NA,NA,NA
1836-06-19 06:00:00,180,NA,NA,NA
1836-06-19 06:00:00,NA,NA,11.11,NA
1836-06-19 06:00:00,NA,NA,NA,",BKN NA"
1836-06-19 14:00:00,315,NA,NA,NA
1836-06-19 14:00:00,NA,NA,15.56,NA
1836-06-19 14:00:00,NA,NA,NA,",BKN NA"
1836-06-19 21:00:00,0,NA,NA,NA
1836-06-19 21:00:00,NA,NA,10,NA
1836-06-19 21:00:00,NA,NA,NA,",BKN NA"
1836-06-20,NA,0,NA,NA
1836-06-20,NA,NA,NA,NA
1836-06-20 06:00:00,0,NA,NA,NA
1836-06-20 06:00:00,NA,NA,3.89,NA
1836-06-20 06:00:00,NA,NA,NA,",FG NA"
1836-06-20 14:00:00,180,NA,NA,NA
1836-06-20 14:00:00,NA,NA,24.44,NA
1836-06-20 14:00:00,NA,NA,NA,",BKN NA"
1836-06-20 21:00:00,180,NA,NA,NA
1836-06-20 21:00:00,NA,NA,10,NA
1836-06-20 21:00:00,NA,NA,NA,",BKN NA"
1836-06-21,NA,14.22,NA,NA
1836-06-21,NA,NA,NA,NA
1836-06-21 06:00:00,180,NA,NA,NA
1836-06-21 06:00:00,NA,NA,8.89,NA
1836-06-21 06:00:00,NA,NA,NA,",RA NA"
1836-06-21 14:00:00,135,NA,NA,NA
1836-06-21 14:00:00,NA,NA,10,NA
1836-06-21 14:00:00,NA,NA,NA,",RA NA"
1836-06-21 21:00:00,135,NA,NA,NA
1836-06-21 21:00:00,NA,NA,7.78,NA
1836-06-21 21:00:00,NA,NA,NA,",RA NA"
1836-06-22,NA,0,NA,NA
1836-06-22,NA,NA,NA,NA
1836-06-22 06:00:00,135,NA,NA,NA
1836-06-22 06:00:00,NA,NA,4.44,NA
1836-06-22 06:00:00,NA,NA,NA,",BKN NA"
1836-06-22 14:00:00,135,NA,NA,NA
1836-06-22 14:00:00,NA,NA,15.56,NA
1836-06-22 14:00:00,NA,NA,NA,",BKN NA"
1836-06-22 21:00:00,135,NA,NA,NA
1836-06-22 21:00:00,NA,NA,6.67,NA
1836-06-22 21:00:00,NA,NA,NA,",SKC NA"
1836-06-23,NA,0,NA,NA
1836-06-23,NA,NA,NA,NA
1836-06-23 06:00:00,90,NA,NA,NA
1836-06-23 06:00:00,NA,NA,4.44,NA
1836-06-23 06:00:00,NA,NA,NA,",FG NA"
1836-06-23 14:00:00,135,NA,NA,NA
1836-06-23 14:00:00,NA,NA,20.56,NA
1836-06-23 14:00:00,NA,NA,NA,",SKC NA"
1836-06-23 21:00:00,90,NA,NA,NA
1836-06-23 21:00:00,NA,NA,10,NA
1836-06-23 21:00:00,NA,NA,NA,",SKC NA"
1836-06-24,NA,0,NA,NA
1836-06-24,NA,NA,NA,NA
1836-06-24 06:00:00,180,NA,NA,NA
1836-06-24 06:00:00,NA,NA,3.33,NA
1836-06-24 06:00:00,NA,NA,NA,",FG NA"
1836-06-24 14:00:00,180,NA,NA,NA
1836-06-24 14:00:00,NA,NA,26.67,NA
1836-06-24 14:00:00,NA,NA,NA,",SKC NA"
1836-06-24 21:00:00,180,NA,NA,NA
1836-06-24 21:00:00,NA,NA,10,NA
1836-06-24 21:00:00,NA,NA,NA,",SKC NA"
1836-06-25,NA,0,NA,NA
1836-06-25,NA,NA,NA,NA
1836-06-25 06:00:00,135,NA,NA,NA
1836-06-25 06:00:00,NA,NA,9.44,NA
1836-06-25 06:00:00,NA,NA,NA,",BKN NA"
1836-06-25 14:00:00,135,NA,NA,NA
1836-06-25 14:00:00,NA,NA,25.56,NA
1836-06-25 14:00:00,NA,NA,NA,",SKC NA"
1836-06-25 21:00:00,180,NA,NA,NA
1836-06-25 21:00:00,NA,NA,14.44,NA
1836-06-25 21:00:00,NA,NA,NA,",BKN NA"
1836-06-26,NA,0,NA,NA
1836-06-26,NA,NA,NA,NA
1836-06-26 06:00:00,180,NA,NA,NA
1836-06-26 06:00:00,NA,NA,10,NA
1836-06-26 06:00:00,NA,NA,NA,",SKC NA"
1836-06-26 14:00:00,180,NA,NA,NA
1836-06-26 14:00:00,NA,NA,26.67,NA
1836-06-26 14:00:00,NA,NA,NA,",SKC NA"
1836-06-26 21:00:00,180,NA,NA,NA
1836-06-26 21:00:00,NA,NA,12.22,NA
1836-06-26 21:00:00,NA,NA,NA,",SKC NA"
1836-06-27,NA,0,NA,NA
1836-06-27,NA,NA,NA,NA
1836-06-27 06:00:00,180,NA,NA,NA
1836-06-27 06:00:00,NA,NA,4.44,NA
1836-06-27 06:00:00,NA,NA,NA,",SKC NA"
1836-06-27 14:00:00,180,NA,NA,NA
1836-06-27 14:00:00,NA,NA,27.78,NA
1836-06-27 14:00:00,NA,NA,NA,",SKC NA"
1836-06-27 21:00:00,180,NA,NA,NA
1836-06-27 21:00:00,NA,NA,18.89,NA
1836-06-27 21:00:00,NA,NA,NA,",SKC NA"
1836-06-28,NA,0,NA,NA
1836-06-28,NA,NA,NA,NA
1836-06-28 06:00:00,180,NA,NA,NA
1836-06-28 06:00:00,NA,NA,16.67,NA
1836-06-28 06:00:00,NA,NA,NA,",SKC NA"
1836-06-28 14:00:00,180,NA,NA,NA
1836-06-28 14:00:00,NA,NA,28.89,NA
1836-06-28 14:00:00,NA,NA,NA,",SKC NA"
1836-06-28 21:00:00,180,NA,NA,NA
1836-06-28 21:00:00,NA,NA,17.78,NA
1836-06-28 21:00:00,NA,NA,NA,",SKC NA"
1836-06-29,NA,0,NA,NA
1836-06-29,NA,NA,NA,NA
1836-06-29 06:00:00,225,NA,NA,NA
1836-06-29 06:00:00,NA,NA,16.67,NA
1836-06-29 06:00:00,NA,NA,NA,",SKC NA"
1836-06-29 14:00:00,225,NA,NA,NA
1836-06-29 14:00:00,NA,NA,28.89,NA
1836-06-29 14:00:00,NA,NA,NA,",SKC NA"
1836-06-29 21:00:00,225,NA,NA,NA
1836-06-29 21:00:00,NA,NA,18.89,NA
1836-06-29 21:00:00,NA,NA,NA,",SKC NA"
1836-06-30,NA,0,NA,NA
1836-06-30,NA,NA,NA,NA
1836-06-30 06:00:00,180,NA,NA,NA
1836-06-30 06:00:00,NA,NA,12.22,NA
1836-06-30 06:00:00,NA,NA,NA,",BKN NA"
1836-06-30 14:00:00,180,NA,NA,NA
1836-06-30 14:00:00,NA,NA,31.11,NA
1836-06-30 14:00:00,NA,NA,NA,",SKC NA"
1836-06-30 21:00:00,180,NA,NA,NA
1836-06-30 21:00:00,NA,NA,15.56,NA
1836-06-30 21:00:00,NA,NA,NA,",BKN NA"
1836-07-01,NA,0,NA,NA
1836-07-01,NA,NA,NA,NA
1836-07-01 06:00:00,180,NA,NA,NA
1836-07-01 06:00:00,NA,NA,15.56,NA
1836-07-01 06:00:00,NA,NA,NA,",BKN NA"
1836-07-01 14:00:00,180,NA,NA,NA
1836-07-01 14:00:00,NA,NA,33.33,NA
1836-07-01 14:00:00,NA,NA,NA,",SKC NA"
1836-07-01 21:00:00,180,NA,NA,NA
1836-07-01 21:00:00,NA,NA,32.22,NA
1836-07-01 21:00:00,NA,NA,NA,",SKC NA"
1836-07-02,NA,0,NA,NA
1836-07-02,NA,NA,NA,NA
1836-07-02 06:00:00,180,NA,NA,NA
1836-07-02 06:00:00,NA,NA,15.56,NA
1836-07-02 06:00:00,NA,NA,NA,",SKC NA"
1836-07-02 14:00:00,225,NA,NA,NA
1836-07-02 14:00:00,NA,NA,35,NA
1836-07-02 14:00:00,NA,NA,NA,",SKC NA"
1836-07-02 21:00:00,225,NA,NA,NA
1836-07-02 21:00:00,NA,NA,23.33,NA
1836-07-02 21:00:00,NA,NA,NA,",SKC NA"
1836-07-03,NA,0,NA,NA
1836-07-03,NA,NA,NA,NA
1836-07-03 06:00:00,225,NA,NA,NA
1836-07-03 06:00:00,NA,NA,15,NA
1836-07-03 06:00:00,NA,NA,NA,",SKC NA"
1836-07-03 14:00:00,225,NA,NA,NA
1836-07-03 14:00:00,NA,NA,28.89,NA
1836-07-03 14:00:00,NA,NA,NA,",SKC NA"
1836-07-03 21:00:00,225,NA,NA,NA
1836-07-03 21:00:00,NA,NA,21.11,NA
1836-07-03 21:00:00,NA,NA,NA,",SKC NA"
1836-07-04,NA,0,NA,NA
1836-07-04,NA,NA,NA,NA
1836-07-04 06:00:00,225,NA,NA,NA
1836-07-04 06:00:00,NA,NA,17.22,NA
1836-07-04 06:00:00,NA,NA,NA,",SKC NA"
1836-07-04 14:00:00,180,NA,NA,NA
1836-07-04 14:00:00,NA,NA,33.33,NA
1836-07-04 14:00:00,NA,NA,NA,",SKC NA"
1836-07-04 21:00:00,180,NA,NA,NA
1836-07-04 21:00:00,NA,NA,21.11,NA
1836-07-04 21:00:00,NA,NA,NA,",SKC NA"
1836-07-05,NA,2.03,NA,NA
1836-07-05,NA,NA,NA,NA
1836-07-05 06:00:00,225,NA,NA,NA
1836-07-05 06:00:00,NA,NA,17.78,NA
1836-07-05 06:00:00,NA,NA,NA,",SKC NA"
1836-07-05 14:00:00,225,NA,NA,NA
1836-07-05 14:00:00,NA,NA,31.11,NA
1836-07-05 14:00:00,NA,NA,NA,",RA NA"
1836-07-05 21:00:00,180,NA,NA,NA
1836-07-05 21:00:00,NA,NA,20,NA
1836-07-05 21:00:00,NA,NA,NA,",SKC NA"
1836-07-06,NA,0,NA,NA
1836-07-06,NA,NA,NA,NA
1836-07-06 06:00:00,180,NA,NA,NA
1836-07-06 06:00:00,NA,NA,13.33,NA
1836-07-06 06:00:00,NA,NA,NA,",BKN NA"
1836-07-06 14:00:00,180,NA,NA,NA
1836-07-06 14:00:00,NA,NA,22.22,NA
1836-07-06 14:00:00,NA,NA,NA,",BKN NA"
1836-07-06 21:00:00,180,NA,NA,NA
1836-07-06 21:00:00,NA,NA,15.56,NA
1836-07-06 21:00:00,NA,NA,NA,",BKN NA"
1836-07-07,NA,0,NA,NA
1836-07-07,NA,NA,NA,NA
1836-07-07 06:00:00,180,NA,NA,NA
1836-07-07 06:00:00,NA,NA,14.44,NA
1836-07-07 06:00:00,NA,NA,NA,",SKC NA"
1836-07-07 14:00:00,180,NA,NA,NA
1836-07-07 14:00:00,NA,NA,28.89,NA
1836-07-07 14:00:00,NA,NA,NA,",SKC NA"
1836-07-07 21:00:00,180,NA,NA,NA
1836-07-07 21:00:00,NA,NA,17.78,NA
1836-07-07 21:00:00,NA,NA,NA,",SKC NA"
1836-07-08,NA,0,NA,NA
1836-07-08,NA,NA,NA,NA
1836-07-08 06:00:00,180,NA,NA,NA
1836-07-08 06:00:00,NA,NA,15.56,NA
1836-07-08 06:00:00,NA,NA,NA,",SKC NA"
1836-07-08 14:00:00,225,NA,NA,NA
1836-07-08 14:00:00,NA,NA,34.44,NA
1836-07-08 14:00:00,NA,NA,NA,",SKC NA"
1836-07-08 21:00:00,225,NA,NA,NA
1836-07-08 21:00:00,NA,NA,15.56,NA
1836-07-08 21:00:00,NA,NA,NA,",SKC NA"
1836-07-09,NA,0,NA,NA
1836-07-09,NA,NA,NA,NA
1836-07-09 06:00:00,225,NA,NA,NA
1836-07-09 06:00:00,NA,NA,16.67,NA
1836-07-09 06:00:00,NA,NA,NA,",SKC NA"
1836-07-09 14:00:00,225,NA,NA,NA
1836-07-09 14:00:00,NA,NA,35.56,NA
1836-07-09 14:00:00,NA,NA,NA,",SKC NA"
1836-07-09 21:00:00,225,NA,NA,NA
1836-07-09 21:00:00,NA,NA,21.11,NA
1836-07-09 21:00:00,NA,NA,NA,",RA NA"
1836-07-10,NA,0,NA,NA
1836-07-10,NA,NA,NA,NA
1836-07-10 06:00:00,225,NA,NA,NA
1836-07-10 06:00:00,NA,NA,18.89,NA
1836-07-10 06:00:00,NA,NA,NA,",BKN NA"
1836-07-10 14:00:00,225,NA,NA,NA
1836-07-10 14:00:00,NA,NA,30,NA
1836-07-10 14:00:00,NA,NA,NA,",SKC NA"
1836-07-10 21:00:00,270,NA,NA,NA
1836-07-10 21:00:00,NA,NA,15.56,NA
1836-07-10 21:00:00,NA,NA,NA,",SKC NA"
1836-07-11,NA,18.29,NA,NA
1836-07-11,NA,NA,NA,NA
1836-07-11 06:00:00,270,NA,NA,NA
1836-07-11 06:00:00,NA,NA,14.44,NA
1836-07-11 06:00:00,NA,NA,NA,",SKC NA"
1836-07-11 14:00:00,270,NA,NA,NA
1836-07-11 14:00:00,NA,NA,25.56,NA
1836-07-11 14:00:00,NA,NA,NA,",SKC NA"
1836-07-11 21:00:00,270,NA,NA,NA
1836-07-11 21:00:00,NA,NA,15.56,NA
1836-07-11 21:00:00,NA,NA,NA,",SKC NA"
1836-07-12,NA,0,NA,NA
1836-07-12,NA,NA,NA,NA
1836-07-12 06:00:00,180,NA,NA,NA
1836-07-12 06:00:00,NA,NA,10,NA
1836-07-12 06:00:00,NA,NA,NA,",SKC NA"
1836-07-12 14:00:00,180,NA,NA,NA
1836-07-12 14:00:00,NA,NA,31.11,NA
1836-07-12 14:00:00,NA,NA,NA,NA
1836-07-12 21:00:00,180,NA,NA,NA
1836-07-12 21:00:00,NA,NA,18.89,NA
1836-07-12 21:00:00,NA,NA,NA,",SKC NA"
1836-07-13,NA,0,NA,NA
1836-07-13,NA,NA,NA,NA
1836-07-13 06:00:00,180,NA,NA,NA
1836-07-13 06:00:00,NA,NA,16.11,NA
1836-07-13 06:00:00,NA,NA,NA,",SKC NA"
1836-07-13 14:00:00,180,NA,NA,NA
1836-07-13 14:00:00,NA,NA,31.11,NA
1836-07-13 14:00:00,NA,NA,NA,",SKC NA"
1836-07-13 21:00:00,180,NA,NA,NA
1836-07-13 21:00:00,NA,NA,17.78,NA
1836-07-13 21:00:00,NA,NA,NA,",SKC NA"
1836-07-14,NA,0,NA,NA
1836-07-14,NA,NA,NA,NA
1836-07-14 06:00:00,315,NA,NA,NA
1836-07-14 06:00:00,NA,NA,16.67,NA
1836-07-14 06:00:00,NA,NA,NA,",BKN NA"
1836-07-14 14:00:00,315,NA,NA,NA
1836-07-14 14:00:00,NA,NA,22.22,NA
1836-07-14 14:00:00,NA,NA,NA,",BKN NA"
1836-07-14 21:00:00,315,NA,NA,NA
1836-07-14 21:00:00,NA,NA,14.44,NA
1836-07-14 21:00:00,NA,NA,NA,",BKN NA"
1836-07-15,NA,6.6,NA,NA
1836-07-15,NA,NA,NA,NA
1836-07-15 06:00:00,315,NA,NA,NA
1836-07-15 06:00:00,NA,NA,8.89,NA
1836-07-15 06:00:00,NA,NA,NA,",FG NA"
1836-07-15 14:00:00,315,NA,NA,NA
1836-07-15 14:00:00,NA,NA,23.33,NA
1836-07-15 14:00:00,NA,NA,NA,",SKC NA"
1836-07-15 21:00:00,315,NA,NA,NA
1836-07-15 21:00:00,NA,NA,15.56,NA
1836-07-15 21:00:00,NA,NA,NA,",SKC NA"
1836-07-16,NA,0,NA,NA
1836-07-16,NA,NA,NA,NA
1836-07-16 06:00:00,45,NA,NA,NA
1836-07-16 06:00:00,NA,NA,5.56,NA
1836-07-16 06:00:00,NA,NA,NA,",FG NA"
1836-07-16 14:00:00,45,NA,NA,NA
1836-07-16 14:00:00,NA,NA,21.11,NA
1836-07-16 14:00:00,NA,NA,NA,",SKC NA"
1836-07-16 21:00:00,45,NA,NA,NA
1836-07-16 21:00:00,NA,NA,14.44,NA
1836-07-16 21:00:00,NA,NA,NA,",SKC NA"
1836-07-17,NA,0,NA,NA
1836-07-17,NA,NA,NA,NA
1836-07-17 06:00:00,45,NA,NA,NA
1836-07-17 06:00:00,NA,NA,5,NA
1836-07-17 06:00:00,NA,NA,NA,",FG NA"
1836-07-17 14:00:00,45,NA,NA,NA
1836-07-17 14:00:00,NA,NA,24.44,NA
1836-07-17 14:00:00,NA,NA,NA,",SKC NA"
1836-07-17 21:00:00,90,NA,NA,NA
1836-07-17 21:00:00,NA,NA,15.56,NA
1836-07-17 21:00:00,NA,NA,NA,",SKC NA"
1836-07-18,NA,0,NA,NA
1836-07-18,NA,NA,NA,NA
1836-07-18 06:00:00,45,NA,NA,NA
1836-07-18 06:00:00,NA,NA,5.56,NA
1836-07-18 06:00:00,NA,NA,NA,",FG NA"
1836-07-18 14:00:00,90,NA,NA,NA
1836-07-18 14:00:00,NA,NA,25.56,NA
1836-07-18 14:00:00,NA,NA,NA,",SKC NA"
1836-07-18 21:00:00,90,NA,NA,NA
1836-07-18 21:00:00,NA,NA,18.89,NA
1836-07-18 21:00:00,NA,NA,NA,",SKC NA"
1836-07-19,NA,0,NA,NA
1836-07-19,NA,NA,NA,NA
1836-07-19 06:00:00,45,NA,NA,NA
1836-07-19 06:00:00,NA,NA,8.33,NA
1836-07-19 06:00:00,NA,NA,NA,",BKN NA"
1836-07-19 14:00:00,270,NA,NA,NA
1836-07-19 14:00:00,NA,NA,31.11,NA
1836-07-19 14:00:00,NA,NA,NA,",BKN NA"
1836-07-19 21:00:00,270,NA,NA,NA
1836-07-19 21:00:00,NA,NA,20,NA
1836-07-19 21:00:00,NA,NA,NA,",BKN NA"
1836-07-20,NA,2.03,NA,NA
1836-07-20,NA,NA,NA,NA
1836-07-20 06:00:00,270,NA,NA,NA
1836-07-20 06:00:00,NA,NA,15,NA
1836-07-20 06:00:00,NA,NA,NA,NA
1836-07-20 14:00:00,270,NA,NA,NA
1836-07-20 14:00:00,NA,NA,31.11,NA
1836-07-20 14:00:00,NA,NA,NA,",SKC NA"
1836-07-20 21:00:00,270,NA,NA,NA
1836-07-20 21:00:00,NA,NA,17.78,NA
1836-07-20 21:00:00,NA,NA,NA,",BKN NA"
1836-07-21,NA,0,NA,NA
1836-07-21,NA,NA,NA,NA
1836-07-21 06:00:00,270,NA,NA,NA
1836-07-21 06:00:00,NA,NA,11.11,NA
1836-07-21 06:00:00,NA,NA,NA,",BKN NA"
1836-07-21 14:00:00,270,NA,NA,NA
1836-07-21 14:00:00,NA,NA,26.67,NA
1836-07-21 14:00:00,NA,NA,NA,",SKC NA"
1836-07-21 21:00:00,270,NA,NA,NA
1836-07-21 21:00:00,NA,NA,15.56,NA
1836-07-21 21:00:00,NA,NA,NA,",SKC NA"
1836-07-22,NA,0,NA,NA
1836-07-22,NA,NA,NA,NA
1836-07-22 06:00:00,315,NA,NA,NA
1836-07-22 06:00:00,NA,NA,5.56,NA
1836-07-22 06:00:00,NA,NA,NA,",SKC NA"
1836-07-22 14:00:00,315,NA,NA,NA
1836-07-22 14:00:00,NA,NA,20,NA
1836-07-22 14:00:00,NA,NA,NA,",SKC NA"
1836-07-22 21:00:00,315,NA,NA,NA
1836-07-22 21:00:00,NA,NA,14.44,NA
1836-07-22 21:00:00,NA,NA,NA,",SKC NA"
1836-07-23,NA,0,NA,NA
1836-07-23,NA,NA,NA,NA
1836-07-23 06:00:00,0,NA,NA,NA
1836-07-23 06:00:00,NA,NA,5,NA
1836-07-23 06:00:00,NA,NA,NA,",FG NA"
1836-07-23 14:00:00,315,NA,NA,NA
1836-07-23 14:00:00,NA,NA,22.22,NA
1836-07-23 14:00:00,NA,NA,NA,",SKC NA"
1836-07-23 21:00:00,315,NA,NA,NA
1836-07-23 21:00:00,NA,NA,14.44,NA
1836-07-23 21:00:00,NA,NA,NA,",SKC NA"
1836-07-24,NA,1.52,NA,NA
1836-07-24,NA,NA,NA,NA
1836-07-24 06:00:00,180,NA,NA,NA
1836-07-24 06:00:00,NA,NA,11.11,NA
1836-07-24 06:00:00,NA,NA,NA,",FG NA"
1836-07-24 14:00:00,180,NA,NA,NA
1836-07-24 14:00:00,NA,NA,24.44,NA
1836-07-24 14:00:00,NA,NA,NA,",SKC NA"
1836-07-24 21:00:00,180,NA,NA,NA
1836-07-24 21:00:00,NA,NA,14.44,NA
1836-07-24 21:00:00,NA,NA,NA,",SKC NA"
1836-07-25,NA,7.62,NA,NA
1836-07-25,NA,NA,NA,NA
1836-07-25 06:00:00,180,NA,NA,NA
1836-07-25 06:00:00,NA,NA,11.11,NA
1836-07-25 06:00:00,NA,NA,NA,",RA NA"
1836-07-25 14:00:00,270,NA,NA,NA
1836-07-25 14:00:00,NA,NA,20,NA
1836-07-25 14:00:00,NA,NA,NA,",BKN NA"
1836-07-25 21:00:00,270,NA,NA,NA
1836-07-25 21:00:00,NA,NA,13.33,NA
1836-07-25 21:00:00,NA,NA,NA,",SKC NA"
1836-07-26,NA,0,NA,NA
1836-07-26,NA,NA,NA,NA
1836-07-26 06:00:00,0,NA,NA,NA
1836-07-26 06:00:00,NA,NA,5.56,NA
1836-07-26 06:00:00,NA,NA,NA,",BKN NA"
1836-07-26 14:00:00,0,NA,NA,NA
1836-07-26 14:00:00,NA,NA,20,NA
1836-07-26 14:00:00,NA,NA,NA,",SKC NA"
1836-07-26 21:00:00,0,NA,NA,NA
1836-07-26 21:00:00,NA,NA,10,NA
1836-07-26 21:00:00,NA,NA,NA,",SKC NA"
1836-07-27,NA,0,NA,NA
1836-07-27,NA,NA,NA,NA
1836-07-27 06:00:00,0,NA,NA,NA
1836-07-27 06:00:00,NA,NA,3.33,NA
1836-07-27 06:00:00,NA,NA,NA,",FG NA"
1836-07-27 14:00:00,0,NA,NA,NA
1836-07-27 14:00:00,NA,NA,25.56,NA
1836-07-27 14:00:00,NA,NA,NA,",SKC NA"
1836-07-27 21:00:00,0,NA,NA,NA
1836-07-27 21:00:00,NA,NA,15.56,NA
1836-07-27 21:00:00,NA,NA,NA,",SKC NA"
1836-07-28,NA,0,NA,NA
1836-07-28,NA,NA,NA,NA
1836-07-28 06:00:00,315,NA,NA,NA
1836-07-28 06:00:00,NA,NA,5.56,NA
1836-07-28 06:00:00,NA,NA,NA,",FG NA"
1836-07-28 14:00:00,180,NA,NA,NA
1836-07-28 14:00:00,NA,NA,26.67,NA
1836-07-28 14:00:00,NA,NA,NA,",SKC NA"
1836-07-28 21:00:00,180,NA,NA,NA
1836-07-28 21:00:00,NA,NA,15.56,NA
1836-07-28 21:00:00,NA,NA,NA,",SKC NA"
1836-07-29,NA,0,NA,NA
1836-07-29,NA,NA,NA,NA
1836-07-29 06:00:00,180,NA,NA,NA
1836-07-29 06:00:00,NA,NA,6.67,NA
1836-07-29 06:00:00,NA,NA,NA,",FG NA"
1836-07-29 14:00:00,180,NA,NA,NA
1836-07-29 14:00:00,NA,NA,15.56,NA
1836-07-29 14:00:00,NA,NA,NA,",RA NA"
1836-07-29 21:00:00,180,NA,NA,NA
1836-07-29 21:00:00,NA,NA,13.33,NA
1836-07-29 21:00:00,NA,NA,NA,",RA NA"
1836-07-30,NA,14.73,NA,NA
1836-07-30,NA,NA,NA,NA
1836-07-30 06:00:00,180,NA,NA,NA
1836-07-30 06:00:00,NA,NA,11.11,NA
1836-07-30 06:00:00,NA,NA,NA,",RA NA"
1836-07-30 14:00:00,270,NA,NA,NA
1836-07-30 14:00:00,NA,NA,20,NA
1836-07-30 14:00:00,NA,NA,NA,",BKN NA"
1836-07-30 21:00:00,270,NA,NA,NA
1836-07-30 21:00:00,NA,NA,12.22,NA
1836-07-30 21:00:00,NA,NA,NA,",SKC NA"
1836-07-31,NA,0,NA,NA
1836-07-31,NA,NA,NA,NA
1836-07-31 06:00:00,225,NA,NA,NA
1836-07-31 06:00:00,NA,NA,10.56,NA
1836-07-31 06:00:00,NA,NA,NA,",SKC NA"
1836-07-31 14:00:00,180,NA,NA,NA
1836-07-31 14:00:00,NA,NA,25.56,NA
1836-07-31 14:00:00,NA,NA,NA,",SKC NA"
1836-07-31 21:00:00,180,NA,NA,NA
1836-07-31 21:00:00,NA,NA,14.44,NA
1836-07-31 21:00:00,NA,NA,NA,",SKC NA"
1836-08-01,NA,0,NA,NA
1836-08-01,NA,NA,NA,NA
1836-08-01 06:00:00,180,NA,NA,NA
1836-08-01 06:00:00,NA,NA,13.33,NA
1836-08-01 06:00:00,NA,NA,NA,",SKC NA"
1836-08-01 14:00:00,180,NA,NA,NA
1836-08-01 14:00:00,NA,NA,26.67,NA
1836-08-01 14:00:00,NA,NA,NA,",RA NA"
1836-08-01 21:00:00,180,NA,NA,NA
1836-08-01 21:00:00,NA,NA,15.56,NA
1836-08-01 21:00:00,NA,NA,NA,",RA NA"
1836-08-02,NA,4.32,NA,NA
1836-08-02,NA,NA,NA,NA
1836-08-02 06:00:00,270,NA,NA,NA
1836-08-02 06:00:00,NA,NA,5.56,NA
1836-08-02 06:00:00,NA,NA,NA,",SKC NA"
1836-08-02 14:00:00,270,NA,NA,NA
1836-08-02 14:00:00,NA,NA,20,NA
1836-08-02 14:00:00,NA,NA,NA,",SKC NA"
1836-08-02 21:00:00,270,NA,NA,NA
1836-08-02 21:00:00,NA,NA,14.44,NA
1836-08-02 21:00:00,NA,NA,NA,",SKC NA"
1836-08-03,NA,0,NA,NA
1836-08-03,NA,NA,NA,NA
1836-08-03 06:00:00,270,NA,NA,NA
1836-08-03 06:00:00,NA,NA,6.67,NA
1836-08-03 06:00:00,NA,NA,NA,",FG NA"
1836-08-03 14:00:00,270,NA,NA,NA
1836-08-03 14:00:00,NA,NA,26.67,NA
1836-08-03 14:00:00,NA,NA,NA,",SKC NA"
1836-08-03 21:00:00,270,NA,NA,NA
1836-08-03 21:00:00,NA,NA,15.56,NA
1836-08-03 21:00:00,NA,NA,NA,",BKN NA"
1836-08-04,NA,0,NA,NA
1836-08-04,NA,NA,NA,NA
1836-08-04 06:00:00,180,NA,NA,NA
1836-08-04 06:00:00,NA,NA,14.44,NA
1836-08-04 06:00:00,NA,NA,NA,",RA NA"
1836-08-04 14:00:00,270,NA,NA,NA
1836-08-04 14:00:00,NA,NA,25.56,NA
1836-08-04 14:00:00,NA,NA,NA,",BKN NA"
1836-08-04 21:00:00,270,NA,NA,NA
1836-08-04 21:00:00,NA,NA,13.33,NA
1836-08-04 21:00:00,NA,NA,NA,",SKC NA"
1836-08-05,NA,2.03,NA,NA
1836-08-05,NA,NA,NA,NA
1836-08-05 06:00:00,270,NA,NA,NA
1836-08-05 06:00:00,NA,NA,4.44,NA
1836-08-05 06:00:00,NA,NA,NA,",FG NA"
1836-08-05 14:00:00,270,NA,NA,NA
1836-08-05 14:00:00,NA,NA,21.11,NA
1836-08-05 14:00:00,NA,NA,NA,",SKC NA"
1836-08-05 21:00:00,270,NA,NA,NA
1836-08-05 21:00:00,NA,NA,12.22,NA
1836-08-05 21:00:00,NA,NA,NA,",SKC NA"
1836-08-06,NA,0,NA,NA
1836-08-06,NA,NA,NA,NA
1836-08-06 06:00:00,0,NA,NA,NA
1836-08-06 06:00:00,NA,NA,4.44,NA
1836-08-06 06:00:00,NA,NA,NA,",FG NA"
1836-08-06 14:00:00,0,NA,NA,NA
1836-08-06 14:00:00,NA,NA,26.67,NA
1836-08-06 14:00:00,NA,NA,NA,",SKC NA"
1836-08-06 21:00:00,180,NA,NA,NA
1836-08-06 21:00:00,NA,NA,12.22,NA
1836-08-06 21:00:00,NA,NA,NA,",SKC NA"
1836-08-07,NA,0,NA,NA
1836-08-07,NA,NA,NA,NA
1836-08-07 06:00:00,180,NA,NA,NA
1836-08-07 06:00:00,NA,NA,12.22,NA
1836-08-07 06:00:00,NA,NA,NA,",BKN NA"
1836-08-07 14:00:00,180,NA,NA,NA
1836-08-07 14:00:00,NA,NA,25.56,NA
1836-08-07 14:00:00,NA,NA,NA,",SKC NA"
1836-08-07 21:00:00,180,NA,NA,NA
1836-08-07 21:00:00,NA,NA,15.56,NA
1836-08-07 21:00:00,NA,NA,NA,",BKN NA"
1836-08-08,NA,0,NA,NA
1836-08-08,NA,NA,NA,NA
1836-08-08 06:00:00,180,NA,NA,NA
1836-08-08 06:00:00,NA,NA,16.67,NA
1836-08-08 06:00:00,NA,NA,NA,",RA NA"
1836-08-08 14:00:00,180,NA,NA,NA
1836-08-08 14:00:00,NA,NA,16.67,NA
1836-08-08 14:00:00,NA,NA,NA,",RA NA"
1836-08-08 21:00:00,270,NA,NA,NA
1836-08-08 21:00:00,NA,NA,12.22,NA
1836-08-08 21:00:00,NA,NA,NA,",RA NA"
1836-08-09,NA,8.13,NA,NA
1836-08-09,NA,NA,NA,NA
1836-08-09 06:00:00,0,NA,NA,NA
1836-08-09 06:00:00,NA,NA,1.67,NA
1836-08-09 06:00:00,NA,NA,NA,",SKC NA"
1836-08-09 14:00:00,0,NA,NA,NA
1836-08-09 14:00:00,NA,NA,13.33,NA
1836-08-09 14:00:00,NA,NA,NA,",SKC NA"
1836-08-09 21:00:00,0,NA,NA,NA
1836-08-09 21:00:00,NA,NA,10,NA
1836-08-09 21:00:00,NA,NA,NA,",SKC NA"
1836-08-10,NA,0,NA,NA
1836-08-10,NA,NA,NA,NA
1836-08-10 06:00:00,0,NA,NA,NA
1836-08-10 06:00:00,NA,NA,0.56,NA
1836-08-10 06:00:00,NA,NA,NA,",FG NA"
1836-08-10 14:00:00,0,NA,NA,NA
1836-08-10 14:00:00,NA,NA,21.67,NA
1836-08-10 14:00:00,NA,NA,NA,",SKC NA"
1836-08-10 21:00:00,0,NA,NA,NA
1836-08-10 21:00:00,NA,NA,10,NA
1836-08-10 21:00:00,NA,NA,NA,",BKN NA"
1836-08-11,NA,0,NA,NA
1836-08-11,NA,NA,NA,NA
1836-08-11 06:00:00,0,NA,NA,NA
1836-08-11 06:00:00,NA,NA,7.78,NA
1836-08-11 06:00:00,NA,NA,NA,",BKN NA"
1836-08-11 14:00:00,0,NA,NA,NA
1836-08-11 14:00:00,NA,NA,15.56,NA
1836-08-11 14:00:00,NA,NA,NA,",BKN NA"
1836-08-11 21:00:00,0,NA,NA,NA
1836-08-11 21:00:00,NA,NA,11.11,NA
1836-08-11 21:00:00,NA,NA,NA,",BKN NA"
1836-08-12,NA,0,NA,NA
1836-08-12,NA,NA,NA,NA
1836-08-12 06:00:00,225,NA,NA,NA
1836-08-12 06:00:00,NA,NA,11.67,NA
1836-08-12 06:00:00,NA,NA,NA,",BKN NA"
1836-08-12 14:00:00,225,NA,NA,NA
1836-08-12 14:00:00,NA,NA,20,NA
1836-08-12 14:00:00,NA,NA,NA,",SKC NA"
1836-08-12 21:00:00,0,NA,NA,NA
1836-08-12 21:00:00,NA,NA,10,NA
1836-08-12 21:00:00,NA,NA,NA,",SKC NA"
1836-08-13,NA,3.81,NA,NA
1836-08-13,NA,NA,NA,NA
1836-08-13 06:00:00,0,NA,NA,NA
1836-08-13 06:00:00,NA,NA,8.89,NA
1836-08-13 06:00:00,NA,NA,NA,",FG NA"
1836-08-13 14:00:00,0,NA,NA,NA
1836-08-13 14:00:00,NA,NA,22.22,NA
1836-08-13 14:00:00,NA,NA,NA,",SKC NA"
1836-08-13 21:00:00,0,NA,NA,NA
1836-08-13 21:00:00,NA,NA,13.33,NA
1836-08-13 21:00:00,NA,NA,NA,",SKC NA"
1836-08-14,NA,0,NA,NA
1836-08-14,NA,NA,NA,NA
1836-08-14 06:00:00,225,NA,NA,NA
1836-08-14 06:00:00,NA,NA,10,NA
1836-08-14 06:00:00,NA,NA,NA,",RA NA"
1836-08-14 14:00:00,45,NA,NA,NA
1836-08-14 14:00:00,NA,NA,23.33,NA
1836-08-14 14:00:00,NA,NA,NA,",BKN NA"
1836-08-14 21:00:00,45,NA,NA,NA
1836-08-14 21:00:00,NA,NA,12.22,NA
1836-08-14 21:00:00,NA,NA,NA,",BKN NA"
1836-08-15,NA,8.38,NA,NA
1836-08-15,NA,NA,NA,NA
1836-08-15 06:00:00,45,NA,NA,NA
1836-08-15 06:00:00,NA,NA,8.89,NA
1836-08-15 06:00:00,NA,NA,NA,",SKC NA"
1836-08-15 14:00:00,0,NA,NA,NA
1836-08-15 14:00:00,NA,NA,23.33,NA
1836-08-15 14:00:00,NA,NA,NA,",SKC NA"
1836-08-15 21:00:00,0,NA,NA,NA
1836-08-15 21:00:00,NA,NA,10,NA
1836-08-15 21:00:00,NA,NA,NA,",SKC NA"
1836-08-16,NA,0,NA,NA
1836-08-16,NA,NA,NA,NA
1836-08-16 06:00:00,0,NA,NA,NA
1836-08-16 06:00:00,NA,NA,5.56,NA
1836-08-16 06:00:00,NA,NA,NA,",FG NA"
1836-08-16 14:00:00,0,NA,NA,NA
1836-08-16 14:00:00,NA,NA,23.33,NA
1836-08-16 14:00:00,NA,NA,NA,",SKC NA"
1836-08-16 21:00:00,0,NA,NA,NA
1836-08-16 21:00:00,NA,NA,10,NA
1836-08-16 21:00:00,NA,NA,NA,",SKC NA"
1836-08-17,NA,0,NA,NA
1836-08-17,NA,NA,NA,NA
1836-08-17 06:00:00,0,NA,NA,NA
1836-08-17 06:00:00,NA,NA,4.44,NA
1836-08-17 06:00:00,NA,NA,NA,",FG NA"
1836-08-17 14:00:00,0,NA,NA,NA
1836-08-17 14:00:00,NA,NA,25.56,NA
1836-08-17 14:00:00,NA,NA,NA,",SKC NA"
1836-08-17 21:00:00,0,NA,NA,NA
1836-08-17 21:00:00,NA,NA,13.33,NA
1836-08-17 21:00:00,NA,NA,NA,",SKC NA"
1836-08-18,NA,0,NA,NA
1836-08-18,NA,NA,NA,NA
1836-08-18 06:00:00,0,NA,NA,NA
1836-08-18 06:00:00,NA,NA,8.89,NA
1836-08-18 06:00:00,NA,NA,NA,",BKN NA"
1836-08-18 14:00:00,180,NA,NA,NA
1836-08-18 14:00:00,NA,NA,24.44,NA
1836-08-18 14:00:00,NA,NA,NA,",SKC NA"
1836-08-18 21:00:00,180,NA,NA,NA
1836-08-18 21:00:00,NA,NA,10,NA
1836-08-18 21:00:00,NA,NA,NA,",BKN NA"
1836-08-19,NA,12.7,NA,NA
1836-08-19,NA,NA,NA,NA
1836-08-19 06:00:00,180,NA,NA,NA
1836-08-19 06:00:00,NA,NA,11.11,NA
1836-08-19 06:00:00,NA,NA,NA,",RA NA"
1836-08-19 14:00:00,180,NA,NA,NA
1836-08-19 14:00:00,NA,NA,18.89,NA
1836-08-19 14:00:00,NA,NA,NA,",BKN NA"
1836-08-19 21:00:00,180,NA,NA,NA
1836-08-19 21:00:00,NA,NA,10,NA
1836-08-19 21:00:00,NA,NA,NA,",RA NA"
1836-08-20,NA,2.03,NA,NA
1836-08-20,NA,NA,NA,NA
1836-08-20 06:00:00,225,NA,NA,NA
1836-08-20 06:00:00,NA,NA,5.56,NA
1836-08-20 06:00:00,NA,NA,NA,",RA NA"
1836-08-20 14:00:00,225,NA,NA,NA
1836-08-20 14:00:00,NA,NA,13.33,NA
1836-08-20 14:00:00,NA,NA,NA,",BKN NA"
1836-08-20 21:00:00,225,NA,NA,NA
1836-08-20 21:00:00,NA,NA,10,NA
1836-08-20 21:00:00,NA,NA,NA,",SKC NA"
1836-08-21,NA,0,NA,NA
1836-08-21,NA,NA,NA,NA
1836-08-21 06:00:00,180,NA,NA,NA
1836-08-21 06:00:00,NA,NA,4.44,NA
1836-08-21 06:00:00,NA,NA,NA,",FG NA"
1836-08-21 14:00:00,180,NA,NA,NA
1836-08-21 14:00:00,NA,NA,18.89,NA
1836-08-21 14:00:00,NA,NA,NA,",SKC NA"
1836-08-21 21:00:00,180,NA,NA,NA
1836-08-21 21:00:00,NA,NA,16.67,NA
1836-08-21 21:00:00,NA,NA,NA,",BKN NA"
1836-08-22,NA,1.52,NA,NA
1836-08-22,NA,NA,NA,NA
1836-08-22 06:00:00,270,NA,NA,NA
1836-08-22 06:00:00,NA,NA,6.67,NA
1836-08-22 06:00:00,NA,NA,NA,",FG NA"
1836-08-22 14:00:00,270,NA,NA,NA
1836-08-22 14:00:00,NA,NA,17.78,NA
1836-08-22 14:00:00,NA,NA,NA,",BKN NA"
1836-08-22 21:00:00,315,NA,NA,NA
1836-08-22 21:00:00,NA,NA,8.89,NA
1836-08-22 21:00:00,NA,NA,NA,",SKC NA"
1836-08-23,NA,0,NA,NA
1836-08-23,NA,NA,NA,NA
1836-08-23 06:00:00,315,NA,NA,NA
1836-08-23 06:00:00,NA,NA,4.44,NA
1836-08-23 06:00:00,NA,NA,NA,",FG NA"
1836-08-23 14:00:00,315,NA,NA,NA
1836-08-23 14:00:00,NA,NA,14.44,NA
1836-08-23 14:00:00,NA,NA,NA,",SKC NA"
1836-08-23 21:00:00,0,NA,NA,NA
1836-08-23 21:00:00,NA,NA,4.44,NA
1836-08-23 21:00:00,NA,NA,NA,",SKC NA"
1836-08-24,NA,0,NA,NA
1836-08-24,NA,NA,NA,NA
1836-08-24 06:00:00,0,NA,NA,NA
1836-08-24 06:00:00,NA,NA,-0.56,NA
1836-08-24 06:00:00,NA,NA,NA,",FG NA"
1836-08-24 14:00:00,315,NA,NA,NA
1836-08-24 14:00:00,NA,NA,18.89,NA
1836-08-24 14:00:00,NA,NA,NA,",SKC NA"
1836-08-24 21:00:00,315,NA,NA,NA
1836-08-24 21:00:00,NA,NA,13.33,NA
1836-08-24 21:00:00,NA,NA,NA,",SKC NA"
1836-08-25,NA,0,NA,NA
1836-08-25,NA,NA,NA,NA
1836-08-25 06:00:00,315,NA,NA,NA
1836-08-25 06:00:00,NA,NA,3.33,NA
1836-08-25 06:00:00,NA,NA,NA,",FG NA"
1836-08-25 14:00:00,225,NA,NA,NA
1836-08-25 14:00:00,NA,NA,24.44,NA
1836-08-25 14:00:00,NA,NA,NA,",SKC NA"
1836-08-25 21:00:00,225,NA,NA,NA
1836-08-25 21:00:00,NA,NA,11.11,NA
1836-08-25 21:00:00,NA,NA,NA,",SKC NA"
1836-08-26,NA,0,NA,NA
1836-08-26,NA,NA,NA,NA
1836-08-26 06:00:00,225,NA,NA,NA
1836-08-26 06:00:00,NA,NA,6.67,NA
1836-08-26 06:00:00,NA,NA,NA,",FG NA"
1836-08-26 14:00:00,225,NA,NA,NA
1836-08-26 14:00:00,NA,NA,25.56,NA
1836-08-26 14:00:00,NA,NA,NA,",SKC NA"
1836-08-26 21:00:00,225,NA,NA,NA
1836-08-26 21:00:00,NA,NA,10,NA
1836-08-26 21:00:00,NA,NA,NA,",SKC NA"
1836-08-27,NA,0,NA,NA
1836-08-27,NA,NA,NA,NA
1836-08-27 06:00:00,225,NA,NA,NA
1836-08-27 06:00:00,NA,NA,10,NA
1836-08-27 06:00:00,NA,NA,NA,",FG NA"
1836-08-27 14:00:00,225,NA,NA,NA
1836-08-27 14:00:00,NA,NA,25.56,NA
1836-08-27 14:00:00,NA,NA,NA,",SKC NA"
1836-08-27 21:00:00,225,NA,NA,NA
1836-08-27 21:00:00,NA,NA,14.44,NA
1836-08-27 21:00:00,NA,NA,NA,",SKC NA"
1836-08-28,NA,0,NA,NA
1836-08-28,NA,NA,NA,NA
1836-08-28 06:00:00,180,NA,NA,NA
1836-08-28 06:00:00,NA,NA,15.56,NA
1836-08-28 06:00:00,NA,NA,NA,",FG NA"
1836-08-28 14:00:00,180,NA,NA,NA
1836-08-28 14:00:00,NA,NA,27.78,NA
1836-08-28 14:00:00,NA,NA,NA,",SKC NA"
1836-08-28 21:00:00,180,NA,NA,NA
1836-08-28 21:00:00,NA,NA,10,NA
1836-08-28 21:00:00,NA,NA,NA,",SKC NA"
1836-08-29,NA,0,NA,NA
1836-08-29,NA,NA,NA,NA
1836-08-29 06:00:00,180,NA,NA,NA
1836-08-29 06:00:00,NA,NA,13.33,NA
1836-08-29 06:00:00,NA,NA,NA,",SKC NA"
1836-08-29 14:00:00,180,NA,NA,NA
1836-08-29 14:00:00,NA,NA,31.11,NA
1836-08-29 14:00:00,NA,NA,NA,",SKC NA"
1836-08-29 21:00:00,180,NA,NA,NA
1836-08-29 21:00:00,NA,NA,15.56,NA
1836-08-29 21:00:00,NA,NA,NA,",RA NA"
1836-08-30,NA,16.26,NA,NA
1836-08-30,NA,NA,NA,NA
1836-08-30 06:00:00,180,NA,NA,NA
1836-08-30 06:00:00,NA,NA,15.56,NA
1836-08-30 06:00:00,NA,NA,NA,",BKN NA"
1836-08-30 14:00:00,180,NA,NA,NA
1836-08-30 14:00:00,NA,NA,17.78,NA
1836-08-30 14:00:00,NA,NA,NA,",BKN NA"
1836-08-30 21:00:00,270,NA,NA,NA
1836-08-30 21:00:00,NA,NA,8.33,NA
1836-08-30 21:00:00,NA,NA,NA,",BKN NA"
1836-08-31,NA,0,NA,NA
1836-08-31,NA,NA,NA,NA
1836-08-31 06:00:00,225,NA,NA,NA
1836-08-31 06:00:00,NA,NA,4.44,NA
1836-08-31 06:00:00,NA,NA,NA,",SKC NA"
1836-08-31 14:00:00,225,NA,NA,NA
1836-08-31 14:00:00,NA,NA,17.78,NA
1836-08-31 14:00:00,NA,NA,NA,",SKC NA"
1836-08-31 21:00:00,225,NA,NA,NA
1836-08-31 21:00:00,NA,NA,10,NA
1836-08-31 21:00:00,NA,NA,NA,",BKN NA"
