SEF	1.0.0
ID	AmherstburgCanada
Name	Amherstburg
Lat	42.10
Lon	276.89
Alt	Unknown
Source	ODR
Link	https://opendatarescue.org
Vbl	ww
Stat	Point
Unit	None
Year	Month	Day	Hour	Minute	Period	Value	|	Meta
1852	01	01	16	00	0	29.5	|	orig=29.5|Local time:1100|QC flag:Passed|Image File:Amherstburg_UKN-502_Forts_1851-12_OBS-1
1852	01	08	22	00	0	SW	|	orig=SW|Local time:1700|QC flag:Passed|Image File:Amherstburg_UKN-502_Forts_1851-12_OBS-1
1852	01	09	02	00	0	SSE	|	orig=SSE|Local time:2100|QC flag:Passed|Image File:Amherstburg_UKN-502_Forts_1851-12_OBS-1
1852	01	09	15	00	0	snow NW	|	orig=snow NW|Local time:1000|QC flag:Passed|Image File:Amherstburg_UKN-502_Forts_1851-12_OBS-1
1852	01	09	17	00	0	Snowy W	|	orig=Snowy W|Local time:1200|QC flag:Passed|Image File:Amherstburg_UKN-502_Forts_1851-12_OBS-1
1852	01	10	21	00	0	snowy a little	|	orig=snowy a little|Local time:1600|QC flag:Passed|Image File:Amherstburg_UKN-502_Forts_1851-12_OBS-1
1852	01	11	02	00	0	NW by N	|	orig=NW by N|Local time:2100|QC flag:Passed|Image File:Amherstburg_UKN-502_Forts_1851-12_OBS-1
1852	01	11	15	00	0	snowing a little	|	orig=snowing a little|Local time:1000|QC flag:Passed|Image File:Amherstburg_UKN-502_Forts_1851-12_OBS-1
1852	01	12	02	00	0	snowy	|	orig=snowy|Local time:2100|QC flag:Passed|Image File:Amherstburg_UKN-502_Forts_1851-12_OBS-1
1852	01	13	14	00	0	snowing all night, clear	|	orig=snowing all night, clear|Local time:900|QC flag:Passed|Image File:Amherstburg_UKN-502_Forts_1851-12_OBS-1
1852	01	13	23	00	0	W	|	orig=W|Local time:1800|QC flag:Passed|Image File:Amherstburg_UKN-502_Forts_1851-12_OBS-1
1852	01	14	12	00	0	SW	|	orig=SW|Local time:700|QC flag:Passed|Image File:Amherstburg_UKN-502_Forts_1851-12_OBS-1
1852	01	14	17	00	0	W	|	orig=W|Local time:1200|QC flag:Passed|Image File:Amherstburg_UKN-502_Forts_1851-12_OBS-1
1852	01	14	23	00	0	clear, NW	|	orig=clear, NW|Local time:1800|QC flag:Passed|Image File:Amherstburg_UKN-502_Forts_1851-12_OBS-1
1852	01	15	03	00	0	snowy, SW	|	orig=snowy, SW|Local time:2200|QC flag:Passed|Image File:Amherstburg_UKN-502_Forts_1851-12_OBS-1
1852	01	16	03	00	0	SW	|	orig=SW|Local time:2200|QC flag:Passed|Image File:Amherstburg_UKN-502_Forts_1851-12_OBS-1
1852	01	16	17	00	0	blowing hard + snow drifting W by N	|	orig=blowing hard + snow drifting W by N|Local time:1200|QC flag:Passed|Image File:Amherstburg_UKN-502_Forts_1852-01_OBS-2
1852	01	16	19	00	0	squall gale NW 	|	orig=squall gale NW |Local time:1400|QC flag:Passed|Image File:Amherstburg_UKN-502_Forts_1852-01_OBS-2
1852	01	17	03	00	0	snowy NW	|	orig=snowy NW|Local time:2200|QC flag:Passed|Image File:Amherstburg_UKN-502_Forts_1852-01_OBS-2
1852	01	17	19	00	0	[illegible] sky	|	orig=[illegible] sky|Local time:1400|QC flag:Illegible|Image File:Amherstburg_UKN-502_Forts_1852-01_OBS-2
1852	01	18	04	00	0	[illegible] NW	|	orig=[illegible] NW|Local time:2300|QC flag:Illegible|Image File:Amherstburg_UKN-502_Forts_1852-01_OBS-2
1852	01	18	21	00	0	[dog sun] NW	|	orig=[dog sun] NW|Local time:1600|QC flag:Passed|Image File:Amherstburg_UKN-502_Forts_1852-01_OBS-2
1852	01	19	17	00	0	clear WNW	|	orig=clear WNW|Local time:1200|QC flag:Passed|Image File:Amherstburg_UKN-502_Forts_1852-01_OBS-2
1852	01	19	21	00	0	clear	|	orig=clear|Local time:1600|QC flag:Passed|Image File:Amherstburg_UKN-502_Forts_1852-01_OBS-2
1852	01	20	01	00	0	clear	|	orig=clear|Local time:2000|QC flag:Passed|Image File:Amherstburg_UKN-502_Forts_1852-01_OBS-2
1852	01	20	04	00	0	clear W by S	|	orig=clear W by S|Local time:2300|QC flag:Passed|Image File:Amherstburg_UKN-502_Forts_1852-01_OBS-2
1852	01	20	17	00	0	SW	|	orig=SW|Local time:1200|QC flag:Passed|Image File:Amherstburg_UKN-502_Forts_1852-01_OBS-2
1852	01	20	22	00	0	clear S by E	|	orig=clear S by E|Local time:1700|QC flag:Passed|Image File:Amherstburg_UKN-502_Forts_1852-01_OBS-2
1852	01	21	03	00	0	[illegible] W	|	orig=[illegible] W|Local time:2200|QC flag:Illegible|Image File:Amherstburg_UKN-502_Forts_1852-01_OBS-2
1852	01	21	17	00	0	overcast W by S	|	orig=overcast W by S|Local time:1200|QC flag:Passed|Image File:Amherstburg_UKN-502_Forts_1852-01_OBS-2
1852	01	21	20	00	0	snowing NW	|	orig=snowing NW|Local time:1500|QC flag:Passed|Image File:Amherstburg_UKN-502_Forts_1852-01_OBS-2
1852	01	21	22	00	0	[illegible] NW	|	orig=[illegible] NW|Local time:1700|QC flag:Illegible|Image File:Amherstburg_UKN-502_Forts_1852-01_OBS-2
1852	01	22	04	00	0	[illegible] clear NW	|	orig=[illegible] clear NW|Local time:2300|QC flag:Illegible|Image File:Amherstburg_UKN-502_Forts_1852-01_OBS-2
1852	01	22	16	00	0	overcast SW	|	orig=overcast SW|Local time:1100|QC flag:Passed|Image File:Amherstburg_UKN-502_Forts_1852-01_OBS-2
1852	01	22	19	00	0	clear W by S	|	orig=clear W by S|Local time:1400|QC flag:Passed|Image File:Amherstburg_UKN-502_Forts_1852-01_OBS-2
1852	01	22	22	00	0	SW	|	orig=SW|Local time:1700|QC flag:Passed|Image File:Amherstburg_UKN-502_Forts_1852-01_OBS-2
1852	01	23	01	00	0	SW overcast	|	orig=SW overcast|Local time:2000|QC flag:Passed|Image File:Amherstburg_UKN-502_Forts_1852-01_OBS-2
1852	01	23	13	00	0	S	|	orig=S|Local time:800|QC flag:Passed|Image File:Amherstburg_UKN-502_Forts_1852-01_OBS-2
1852	01	23	14	00	0	1.2 W	|	orig=1.2 W|Local time:900|QC flag:Passed|Image File:Amherstburg_UKN-502_Forts_1852-01_OBS-2
1852	01	23	20	00	0	clear S by W	|	orig=clear S by W|Local time:1500|QC flag:Passed|Image File:Amherstburg_UKN-502_Forts_1852-01_OBS-2
1852	01	24	01	00	0	clear SSW	|	orig=clear SSW|Local time:2000|QC flag:Passed|Image File:Amherstburg_UKN-502_Forts_1852-01_OBS-2
1852	01	24	21	00	0	clear SW	|	orig=clear SW|Local time:1600|QC flag:Passed|Image File:Amherstburg_UKN-502_Forts_1852-01_OBS-2
1852	01	25	04	00	0	clear SW	|	orig=clear SW|Local time:2300|QC flag:Passed|Image File:Amherstburg_UKN-502_Forts_1852-01_OBS-2
1852	01	25	20	00	0	[fine] sleet SE	|	orig=[fine] sleet SE|Local time:1500|QC flag:Passed|Image File:Amherstburg_UKN-502_Forts_1852-01_OBS-2
1852	01	26	00	00	0	snowing SW	|	orig=snowing SW|Local time:1900|QC flag:Passed|Image File:Amherstburg_UKN-502_Forts_1852-01_OBS-2
1852	01	26	03	00	0	[sleeting] W	|	orig=[sleeting] W|Local time:2200|QC flag:Passed|Image File:Amherstburg_UKN-502_Forts_1852-01_OBS-2
1852	01	26	18	00	0	clear NW	|	orig=clear NW|Local time:1300|QC flag:Passed|Image File:Amherstburg_UKN-502_Forts_1852-01_OBS-2
1852	01	27	03	00	0	clear NW	|	orig=clear NW|Local time:2200|QC flag:Passed|Image File:Amherstburg_UKN-502_Forts_1852-01_OBS-2
1852	01	27	21	00	0	clear S by E	|	orig=clear S by E|Local time:1600|QC flag:Passed|Image File:Amherstburg_UKN-502_Forts_1852-01_OBS-2
1852	01	28	01	00	0	[illegible] S	|	orig=[illegible] S|Local time:2000|QC flag:Illegible|Image File:Amherstburg_UKN-502_Forts_1852-01_OBS-2
1852	01	28	04	00	0	overcast S	|	orig=overcast S|Local time:2300|QC flag:Passed|Image File:Amherstburg_UKN-502_Forts_1852-01_OBS-2
1852	01	28	13	00	0	overcast SW	|	orig=overcast SW|Local time:800|QC flag:Passed|Image File:Amherstburg_UKN-502_Forts_1852-01_OBS-2
1852	01	28	16	00	0	clear S by W	|	orig=clear S by W|Local time:1100|QC flag:Passed|Image File:Amherstburg_UKN-502_Forts_1852-01_OBS-2
1852	01	28	22	00	0	clear NW	|	orig=clear NW|Local time:1700|QC flag:Passed|Image File:Amherstburg_UKN-502_Forts_1852-01_OBS-2
1852	01	29	03	00	0	overcast NW	|	orig=overcast NW|Local time:2200|QC flag:Passed|Image File:Amherstburg_UKN-502_Forts_1852-01_OBS-2
1852	01	29	12	00	0	SE	|	orig=SE|Local time:700|QC flag:Passed|Image File:Amherstburg_UKN-502_Forts_1852-01_OBS-3
1852	01	29	19	00	0	clear SE	|	orig=clear SE|Local time:1400|QC flag:Passed|Image File:Amherstburg_UKN-502_Forts_1852-01_OBS-3
1852	01	29	22	00	0	clear SE	|	orig=clear SE|Local time:1700|QC flag:Passed|Image File:Amherstburg_UKN-502_Forts_1852-01_OBS-3
1852	01	30	03	00	0	cloudy SE by E	|	orig=cloudy SE by E|Local time:2200|QC flag:Passed|Image File:Amherstburg_UKN-502_Forts_1852-01_OBS-3
1852	01	30	12	00	0	overcast calm	|	orig=overcast calm|Local time:700|QC flag:Passed|Image File:Amherstburg_UKN-502_Forts_1852-01_OBS-3
1852	01	30	17	00	0	overcast E	|	orig=overcast E|Local time:1200|QC flag:Passed|Image File:Amherstburg_UKN-502_Forts_1852-01_OBS-3
1852	01	30	22	00	0	[illegible] overcast SE	|	orig=[illegible] overcast SE|Local time:1700|QC flag:Illegible|Image File:Amherstburg_UKN-502_Forts_1852-01_OBS-3
1852	01	31	03	00	0	raining E	|	orig=raining E|Local time:2200|QC flag:Passed|Image File:Amherstburg_UKN-502_Forts_1852-01_OBS-3
1852	01	31	13	00	0	overcast + sleet raining hard E	|	orig=overcast + sleet raining hard E|Local time:800|QC flag:Passed|Image File:Amherstburg_UKN-502_Forts_1852-01_OBS-3
1852	01	31	17	00	0	calm	|	orig=calm|Local time:1200|QC flag:Passed|Image File:Amherstburg_UKN-502_Forts_1852-01_OBS-3
1852	02	01	03	00	0	high cloudy a few snow W	|	orig=high cloudy a few snow W|Local time:2200|QC flag:Passed|Image File:Amherstburg_UKN-502_Forts_1852-01_OBS-3
1852	02	01	23	00	0	fair W by S	|	orig=fair W by S|Local time:1800|QC flag:Passed|Image File:Amherstburg_UKN-502_Forts_1852-01_OBS-3
1852	02	02	04	00	0	snow NW	|	orig=snow NW|Local time:2300|QC flag:Passed|Image File:Amherstburg_UKN-502_Forts_1852-01_OBS-3
1852	02	02	13	00	0	overcast + like snow SW	|	orig=overcast + like snow SW|Local time:800|QC flag:Passed|Image File:Amherstburg_UKN-502_Forts_1852-01_OBS-3
1852	02	02	19	00	0	[illegible] WSW	|	orig=[illegible] WSW|Local time:1400|QC flag:Illegible|Image File:Amherstburg_UKN-502_Forts_1852-01_OBS-3
1852	02	03	03	00	0	[illegible] SW	|	orig=[illegible] SW|Local time:2200|QC flag:Illegible|Image File:Amherstburg_UKN-502_Forts_1852-01_OBS-3
1852	02	03	13	00	0	SW	|	orig=SW|Local time:800|QC flag:Passed|Image File:Amherstburg_UKN-502_Forts_1852-01_OBS-3
1852	02	04	03	00	0	cloudy S	|	orig=cloudy S|Local time:2200|QC flag:Passed|Image File:Amherstburg_UKN-502_Forts_1852-01_OBS-3
1852	02	04	13	00	0	clear S	|	orig=clear S|Local time:800|QC flag:Passed|Image File:Amherstburg_UKN-502_Forts_1852-01_OBS-3
1852	02	04	22	00	0	clear W	|	orig=clear W|Local time:1700|QC flag:Passed|Image File:Amherstburg_UKN-502_Forts_1852-01_OBS-3
1852	02	05	01	00	0	clear W	|	orig=clear W|Local time:2000|QC flag:Passed|Image File:Amherstburg_UKN-502_Forts_1852-01_OBS-3
1852	02	05	03	00	0	W	|	orig=W|Local time:2200|QC flag:Passed|Image File:Amherstburg_UKN-502_Forts_1852-01_OBS-3
1852	02	05	13	00	0	clear with few white clouds SW	|	orig=clear with few white clouds SW|Local time:800|QC flag:Passed|Image File:Amherstburg_UKN-502_Forts_1852-01_OBS-3
1852	02	06	03	00	0	cloudy SE	|	orig=cloudy SE|Local time:2200|QC flag:Passed|Image File:Amherstburg_UKN-502_Forts_1852-01_OBS-3
1852	02	06	13	00	0	clear partly ESE	|	orig=clear partly ESE|Local time:800|QC flag:Passed|Image File:Amherstburg_UKN-502_Forts_1852-01_OBS-3
1852	02	06	16	00	0	overcast	|	orig=overcast|Local time:1100|QC flag:Passed|Image File:Amherstburg_UKN-502_Forts_1852-01_OBS-3
1852	02	06	21	00	0	heavy rain	|	orig=heavy rain|Local time:1600|QC flag:Passed|Image File:Amherstburg_UKN-502_Forts_1852-01_OBS-3
1852	02	06	23	00	0	[high] wind W by N	|	orig=[high] wind W by N|Local time:1800|QC flag:Passed|Image File:Amherstburg_UKN-502_Forts_1852-01_OBS-3
1852	02	07	03	00	0	a few cloud flying WNW	|	orig=a few cloud flying WNW|Local time:2200|QC flag:Passed|Image File:Amherstburg_UKN-502_Forts_1852-01_OBS-3
1852	02	07	13	00	0	a few [thick] clouds NW	|	orig=a few [thick] clouds NW|Local time:800|QC flag:Passed|Image File:Amherstburg_UKN-502_Forts_1852-01_OBS-3
1852	02	08	03	00	0	clear NW	|	orig=clear NW|Local time:2200|QC flag:Passed|Image File:Amherstburg_UKN-502_Forts_1852-01_OBS-3
1852	02	08	14	00	0	clear SW	|	orig=clear SW|Local time:900|QC flag:Passed|Image File:Amherstburg_UKN-502_Forts_1852-01_OBS-3
1852	02	08	20	00	0	clear SW	|	orig=clear SW|Local time:1500|QC flag:Passed|Image File:Amherstburg_UKN-502_Forts_1852-01_OBS-3
1852	02	08	23	00	0	clear SW	|	orig=clear SW|Local time:1800|QC flag:Passed|Image File:Amherstburg_UKN-502_Forts_1852-01_OBS-3
1852	02	09	03	00	0	[illegible] clear S by W	|	orig=[illegible] clear S by W|Local time:2200|QC flag:Illegible|Image File:Amherstburg_UKN-502_Forts_1852-01_OBS-3
1852	02	09	13	00	0	clear SSW 	|	orig=clear SSW |Local time:800|QC flag:Passed|Image File:Amherstburg_UKN-502_Forts_1852-01_OBS-3
1852	02	09	21	00	0	clear SSE	|	orig=clear SSE|Local time:1600|QC flag:Passed|Image File:Amherstburg_UKN-502_Forts_1852-01_OBS-3
1852	02	10	03	00	0	clear SW	|	orig=clear SW|Local time:2200|QC flag:Passed|Image File:Amherstburg_UKN-502_Forts_1852-01_OBS-3
1852	02	10	13	00	0	clear SE	|	orig=clear SE|Local time:800|QC flag:Passed|Image File:Amherstburg_UKN-502_Forts_1852-02_OBS-1
1852	02	10	20	00	0	raining, clam	|	orig=raining, clam|Local time:1500|QC flag:Passed|Image File:Amherstburg_UKN-502_Forts_1852-02_OBS-1
1852	02	10	21	00	0	[illegible] SSW	|	orig=[illegible] SSW|Local time:1600|QC flag:Illegible|Image File:Amherstburg_UKN-502_Forts_1852-02_OBS-1
1852	02	11	03	00	0	raining, calm	|	orig=raining, calm|Local time:2200|QC flag:Passed|Image File:Amherstburg_UKN-502_Forts_1852-02_OBS-1
1852	02	11	13	00	0	overcast, stormy, hail WSW	|	orig=overcast, stormy, hail WSW|Local time:800|QC flag:Passed|Image File:Amherstburg_UKN-502_Forts_1852-02_OBS-1
1852	02	12	03	00	0	snowy, NW	|	orig=snowy, NW|Local time:2200|QC flag:Passed|Image File:Amherstburg_UKN-502_Forts_1852-02_OBS-1
1852	02	12	13	00	0	light cloudy NNW	|	orig=light cloudy NNW|Local time:800|QC flag:Passed|Image File:Amherstburg_UKN-502_Forts_1852-02_OBS-1
1852	02	12	20	00	0	clear W by S	|	orig=clear W by S|Local time:1500|QC flag:Passed|Image File:Amherstburg_UKN-502_Forts_1852-02_OBS-1
1852	02	13	03	00	0	overcast W	|	orig=overcast W|Local time:2200|QC flag:Passed|Image File:Amherstburg_UKN-502_Forts_1852-02_OBS-1
1852	02	13	13	00	0	snowing E	|	orig=snowing E|Local time:800|QC flag:Passed|Image File:Amherstburg_UKN-502_Forts_1852-02_OBS-1
1852	02	14	03	00	0	clear NW	|	orig=clear NW|Local time:2200|QC flag:Passed|Image File:Amherstburg_UKN-502_Forts_1852-02_OBS-1
1852	02	14	13	00	0	clear SW	|	orig=clear SW|Local time:800|QC flag:Passed|Image File:Amherstburg_UKN-502_Forts_1852-02_OBS-1
1852	02	14	18	00	0	clear SSW	|	orig=clear SSW|Local time:1300|QC flag:Passed|Image File:Amherstburg_UKN-502_Forts_1852-02_OBS-1
1852	02	15	03	00	0	clear SW	|	orig=clear SW|Local time:2200|QC flag:Passed|Image File:Amherstburg_UKN-502_Forts_1852-02_OBS-1
1852	02	15	18	00	0	snowy SW	|	orig=snowy SW|Local time:1300|QC flag:Passed|Image File:Amherstburg_UKN-502_Forts_1852-02_OBS-1
1852	02	16	03	00	0	clear NW	|	orig=clear NW|Local time:2200|QC flag:Passed|Image File:Amherstburg_UKN-502_Forts_1852-02_OBS-1
1852	02	16	13	00	0	overcast SW	|	orig=overcast SW|Local time:800|QC flag:Passed|Image File:Amherstburg_UKN-502_Forts_1852-02_OBS-1
1852	02	16	22	00	0	snowing NW	|	orig=snowing NW|Local time:1700|QC flag:Passed|Image File:Amherstburg_UKN-502_Forts_1852-02_OBS-1
1852	02	17	03	00	0	overcast	|	orig=overcast|Local time:2200|QC flag:Passed|Image File:Amherstburg_UKN-502_Forts_1852-02_OBS-1
1852	02	17	13	00	0	lightly snowing SW	|	orig=lightly snowing SW|Local time:800|QC flag:Passed|Image File:Amherstburg_UKN-502_Forts_1852-02_OBS-1
1852	02	17	16	00	0	clear NW	|	orig=clear NW|Local time:1100|QC flag:Passed|Image File:Amherstburg_UKN-502_Forts_1852-02_OBS-1
1852	02	17	22	00	0	clear W	|	orig=clear W|Local time:1700|QC flag:Passed|Image File:Amherstburg_UKN-502_Forts_1852-02_OBS-1
1852	02	18	03	00	0	[illegible] clear NW	|	orig=[illegible] clear NW|Local time:2200|QC flag:Illegible|Image File:Amherstburg_UKN-502_Forts_1852-02_OBS-1
1852	02	18	13	00	0	light wind N	|	orig=light wind N|Local time:800|QC flag:Passed|Image File:Amherstburg_UKN-502_Forts_1852-02_OBS-1
1852	02	19	03	00	0	clear E	|	orig=clear E|Local time:2200|QC flag:Passed|Image File:Amherstburg_UKN-502_Forts_1852-02_OBS-1
1852	02	19	13	00	0	light cloudy NE	|	orig=light cloudy NE|Local time:800|QC flag:Passed|Image File:Amherstburg_UKN-502_Forts_1852-02_OBS-1
1852	02	20	03	00	0	clear N by W	|	orig=clear N by W|Local time:2200|QC flag:Passed|Image File:Amherstburg_UKN-502_Forts_1852-02_OBS-1
1852	02	20	13	00	0	light cloud NE	|	orig=light cloud NE|Local time:800|QC flag:Passed|Image File:Amherstburg_UKN-502_Forts_1852-02_OBS-1
1852	02	20	17	00	0	clear NW	|	orig=clear NW|Local time:1200|QC flag:Passed|Image File:Amherstburg_UKN-502_Forts_1852-02_OBS-1
1852	02	21	03	00	0	overcast	|	orig=overcast|Local time:2200|QC flag:Passed|Image File:Amherstburg_UKN-502_Forts_1852-02_OBS-1
1852	02	21	13	00	0	overcast NE	|	orig=overcast NE|Local time:800|QC flag:Passed|Image File:Amherstburg_UKN-502_Forts_1852-02_OBS-2
1852	02	21	18	00	0	overcast calm	|	orig=overcast calm|Local time:1300|QC flag:Passed|Image File:Amherstburg_UKN-502_Forts_1852-02_OBS-2
1852	02	22	01	00	0	raining hard E	|	orig=raining hard E|Local time:2000|QC flag:Passed|Image File:Amherstburg_UKN-502_Forts_1852-02_OBS-2
1852	02	22	14	00	0	rainy	|	orig=rainy|Local time:900|QC flag:Passed|Image File:Amherstburg_UKN-502_Forts_1852-02_OBS-2
1852	02	22	20	00	0	overcast WSW	|	orig=overcast WSW|Local time:1500|QC flag:Passed|Image File:Amherstburg_UKN-502_Forts_1852-02_OBS-2
1852	02	23	04	00	0	clear W by S	|	orig=clear W by S|Local time:2300|QC flag:Passed|Image File:Amherstburg_UKN-502_Forts_1852-02_OBS-2
1852	02	23	13	00	0	clear SW	|	orig=clear SW|Local time:800|QC flag:Passed|Image File:Amherstburg_UKN-502_Forts_1852-02_OBS-2
1852	02	23	15	00	0	cloudy SW	|	orig=cloudy SW|Local time:1000|QC flag:Passed|Image File:Amherstburg_UKN-502_Forts_1852-02_OBS-2
1852	02	23	17	00	0	overcast WSW	|	orig=overcast WSW|Local time:1200|QC flag:Passed|Image File:Amherstburg_UKN-502_Forts_1852-02_OBS-2
1852	02	23	19	00	0	overcast SW	|	orig=overcast SW|Local time:1400|QC flag:Passed|Image File:Amherstburg_UKN-502_Forts_1852-02_OBS-2
1852	02	24	03	00	0	snowing a little, a few [storm] W by S	|	orig=snowing a little, a few [storm] W by S|Local time:2200|QC flag:Passed|Image File:Amherstburg_UKN-502_Forts_1852-02_OBS-2
1852	02	24	13	00	0	raining S	|	orig=raining S|Local time:800|QC flag:Passed|Image File:Amherstburg_UKN-502_Forts_1852-02_OBS-2
1852	02	24	18	00	0	clear	|	orig=clear|Local time:1300|QC flag:Passed|Image File:Amherstburg_UKN-502_Forts_1852-02_OBS-2
1852	02	25	04	00	0	smert wind W by N	|	orig=smert wind W by N|Local time:2300|QC flag:Passed|Image File:Amherstburg_UKN-502_Forts_1852-02_OBS-2
1852	02	25	13	00	0	clear, high wind NW	|	orig=clear, high wind NW|Local time:800|QC flag:Passed|Image File:Amherstburg_UKN-502_Forts_1852-02_OBS-2
1852	02	25	23	00	0	[illegible] cloudy NW	|	orig=[illegible] cloudy NW|Local time:1800|QC flag:Illegible|Image File:Amherstburg_UKN-502_Forts_1852-02_OBS-2
1852	02	26	03	00	0	a few storm W by N	|	orig=a few storm W by N|Local time:2200|QC flag:Passed|Image File:Amherstburg_UKN-502_Forts_1852-02_OBS-2
1852	02	26	13	00	0	overcast N	|	orig=overcast N|Local time:800|QC flag:Passed|Image File:Amherstburg_UKN-502_Forts_1852-02_OBS-2
1852	02	27	03	00	0	clear SW	|	orig=clear SW|Local time:2200|QC flag:Passed|Image File:Amherstburg_UKN-502_Forts_1852-02_OBS-2
1852	02	27	13	00	0	clear calm	|	orig=clear calm|Local time:800|QC flag:Passed|Image File:Amherstburg_UKN-502_Forts_1852-02_OBS-2
1852	02	27	18	00	0	overcast W	|	orig=overcast W|Local time:1300|QC flag:Passed|Image File:Amherstburg_UKN-502_Forts_1852-02_OBS-2
1852	02	28	03	00	0	overcast E by N	|	orig=overcast E by N|Local time:2200|QC flag:Passed|Image File:Amherstburg_UKN-502_Forts_1852-02_OBS-2
1852	02	28	13	00	0	[just] began to snow NE	|	orig=[just] began to snow NE|Local time:800|QC flag:Passed|Image File:Amherstburg_UKN-502_Forts_1852-02_OBS-2
1852	02	29	03	00	0	cloudy W by N	|	orig=cloudy W by N|Local time:2200|QC flag:Passed|Image File:Amherstburg_UKN-502_Forts_1852-02_OBS-2
1852	02	29	17	00	0	overcast	|	orig=overcast|Local time:1200|QC flag:Passed|Image File:Amherstburg_UKN-502_Forts_1852-02_OBS-2
1852	03	01	03	00	0	overcast	|	orig=overcast|Local time:2200|QC flag:Passed|Image File:Amherstburg_UKN-502_Forts_1852-02_OBS-2
1852	03	01	13	00	0	overcast NE	|	orig=overcast NE|Local time:800|QC flag:Passed|Image File:Amherstburg_UKN-502_Forts_1852-02_OBS-2
1852	03	01	17	00	0	snowing NE	|	orig=snowing NE|Local time:1200|QC flag:Passed|Image File:Amherstburg_UKN-502_Forts_1852-02_OBS-2
1852	03	02	03	00	0	overcast NW	|	orig=overcast NW|Local time:2200|QC flag:Passed|Image File:Amherstburg_UKN-502_Forts_1852-02_OBS-2
1839	12	18	14	00	0	Retracted	|	orig=Retracted|Local time:900|QC flag:Retracted|Image File:Amherstburg_UKN-500_Forts_1839-12-1840-01_OBS-F
1839	12	20	14	00	0	[Clor] snow lying	|	orig=[Clor] snow lying|Local time:900|QC flag:Passed|Image File:Amherstburg_UKN-500_Forts_1839-12-1840-01_OBS-F
1839	12	20	20	00	0	Moon clouded	|	orig=Moon clouded|Local time:1500|QC flag:Passed|Image File:Amherstburg_UKN-500_Forts_1839-12-1840-01_OBS-F
1839	12	21	14	00	0	[Cloudy] 	|	orig=[Cloudy] |Local time:900|QC flag:Passed|Image File:Amherstburg_UKN-500_Forts_1839-12-1840-01_OBS-F
1839	12	21	20	00	0	Moon clouded	|	orig=Moon clouded|Local time:1500|QC flag:Passed|Image File:Amherstburg_UKN-500_Forts_1839-12-1840-01_OBS-F
1839	12	22	14	00	0	[Cloudy] 	|	orig=[Cloudy] |Local time:900|QC flag:Passed|Image File:Amherstburg_UKN-500_Forts_1839-12-1840-01_OBS-F
1839	12	22	20	00	0	Moon clouded	|	orig=Moon clouded|Local time:1500|QC flag:Passed|Image File:Amherstburg_UKN-500_Forts_1839-12-1840-01_OBS-F
1839	12	23	14	00	0	[Cloudy] 	|	orig=[Cloudy] |Local time:900|QC flag:Passed|Image File:Amherstburg_UKN-500_Forts_1839-12-1840-01_OBS-F
1839	12	23	20	00	0	[Snowing] [a little]	|	orig=[Snowing] [a little]|Local time:1500|QC flag:Passed|Image File:Amherstburg_UKN-500_Forts_1839-12-1840-01_OBS-F
1839	12	28	20	00	0	Cloudy + [illegible] in wind from West	|	orig=Cloudy + [illegible] in wind from West|Local time:1500|QC flag:Illegible|Image File:Amherstburg_UKN-500_Forts_1839-12-1840-01_OBS-F
1839	12	30	20	00	0	Clear	|	orig=Clear|Local time:1500|QC flag:Passed|Image File:Amherstburg_UKN-500_Forts_1839-12-1840-01_OBS-F
1839	12	31	20	00	0	Snowing slightly	|	orig=Snowing slightly|Local time:1500|QC flag:Passed|Image File:Amherstburg_UKN-500_Forts_1839-12-1840-01_OBS-F
1840	01	01	14	00	0	Clear	|	orig=Clear|Local time:900|QC flag:Passed|Image File:Amherstburg_UKN-500_Forts_1839-12-1840-01_OBS-F
1840	01	01	20	00	0	A little Foggy	|	orig=A little Foggy|Local time:1500|QC flag:Passed|Image File:Amherstburg_UKN-500_Forts_1839-12-1840-01_OBS-F
1840	01	02	20	00	0	Cloudy	|	orig=Cloudy|Local time:1500|QC flag:Passed|Image File:Amherstburg_UKN-500_Forts_1839-12-1840-01_OBS-F
1840	01	04	14	00	0	Clear	|	orig=Clear|Local time:900|QC flag:Passed|Image File:Amherstburg_UKN-500_Forts_1839-12-1840-01_OBS-F
1840	01	04	20	00	0	Cloudy	|	orig=Cloudy|Local time:1500|QC flag:Passed|Image File:Amherstburg_UKN-500_Forts_1839-12-1840-01_OBS-F
1840	01	07	14	00	0	Cloudy	|	orig=Cloudy|Local time:900|QC flag:Passed|Image File:Amherstburg_UKN-500_Forts_1839-12-1840-01_OBS-F
1840	01	10	14	00	0	Cloudy	|	orig=Cloudy|Local time:900|QC flag:Passed|Image File:Amherstburg_UKN-500_Forts_1839-12-1840-01_OBS-F
1840	01	10	20	00	0	Cloudy & Raining Heavy	|	orig=Cloudy & Raining Heavy|Local time:1500|QC flag:Passed|Image File:Amherstburg_UKN-500_Forts_1839-12-1840-01_OBS-F
1840	01	11	14	00	0	Cloudy [illegible main] all	|	orig=Cloudy [illegible main] all|Local time:900|QC flag:Illegible|Image File:Amherstburg_UKN-500_Forts_1839-12-1840-01_OBS-F
1840	01	11	20	00	0	Cloudy High NE wind	|	orig=Cloudy High NE wind|Local time:1500|QC flag:Passed|Image File:Amherstburg_UKN-500_Forts_1839-12-1840-01_OBS-F
1840	01	12	14	00	0	very [illegible] never clear [illegible] 	|	orig=very [illegible] never clear [illegible] |Local time:900|QC flag:Illegible|Image File:Amherstburg_UKN-500_Forts_1839-12-1840-01_OBS-F
1840	01	12	20	00	0	Cloudy all day	|	orig=Cloudy all day|Local time:1500|QC flag:Passed|Image File:Amherstburg_UKN-500_Forts_1839-12-1840-01_OBS-F
1840	01	13	20	00	0	Cloudy all day [off] the snow	|	orig=Cloudy all day [off] the snow|Local time:1500|QC flag:Passed|Image File:Amherstburg_UKN-500_Forts_1839-12-1840-01_OBS-F
1840	01	14	14	00	0	Cloudy	|	orig=Cloudy|Local time:900|QC flag:Passed|Image File:Amherstburg_UKN-500_Forts_1839-12-1840-01_OBS-F
1840	01	14	20	00	0	[Whishe] 9 clear + at 10 cloudy	|	orig=[Whishe] 9 clear + at 10 cloudy|Local time:1500|QC flag:Passed|Image File:Amherstburg_UKN-500_Forts_1839-12-1840-01_OBS-F
1840	01	15	14	00	0	Clear	|	orig=Clear|Local time:900|QC flag:Passed|Image File:Amherstburg_UKN-500_Forts_1839-12-1840-01_OBS-F
1840	01	15	20	00	0	Clear Stormy night 	|	orig=Clear Stormy night |Local time:1500|QC flag:Passed|Image File:Amherstburg_UKN-500_Forts_1839-12-1840-01_OBS-F
1840	01	16	14	00	0	Clear all 	|	orig=Clear all |Local time:900|QC flag:Passed|Image File:Amherstburg_UKN-500_Forts_1839-12-1840-01_OBS-F
1840	01	16	20	00	0	Clear	|	orig=Clear|Local time:1500|QC flag:Passed|Image File:Amherstburg_UKN-500_Forts_1839-12-1840-01_OBS-F
1840	01	17	14	00	0	Cloudy	|	orig=Cloudy|Local time:900|QC flag:Passed|Image File:Amherstburg_UKN-500_Forts_1839-12-1840-01_OBS-F
1840	01	17	20	00	0	Clear	|	orig=Clear|Local time:1500|QC flag:Passed|Image File:Amherstburg_UKN-500_Forts_1839-12-1840-01_OBS-F
1840	01	18	14	00	0	Clear	|	orig=Clear|Local time:900|QC flag:Passed|Image File:Amherstburg_UKN-500_Forts_1839-12-1840-01_OBS-F
1840	01	18	20	00	0	Clear + mild [for the degree]	|	orig=Clear + mild [for the degree]|Local time:1500|QC flag:Passed|Image File:Amherstburg_UKN-500_Forts_1839-12-1840-01_OBS-F
1840	01	19	14	00	0	Clear	|	orig=Clear|Local time:900|QC flag:Passed|Image File:Amherstburg_UKN-500_Forts_1839-12-1840-01_OBS-F
1840	01	19	20	00	0	Cloudy	|	orig=Cloudy|Local time:1500|QC flag:Passed|Image File:Amherstburg_UKN-500_Forts_1839-12-1840-01_OBS-F
1840	01	20	20	00	0	Cloudy	|	orig=Cloudy|Local time:1500|QC flag:Passed|Image File:Amherstburg_UKN-500_Forts_1839-12-1840-01_OBS-F
1840	01	21	14	00	0	Cloudy	|	orig=Cloudy|Local time:900|QC flag:Passed|Image File:Amherstburg_UKN-500_Forts_1839-12-1840-01_OBS-F
1840	01	21	20	00	0	Cloudy	|	orig=Cloudy|Local time:1500|QC flag:Passed|Image File:Amherstburg_UKN-500_Forts_1839-12-1840-01_OBS-F
1840	01	22	14	00	0	Cloudy	|	orig=Cloudy|Local time:900|QC flag:Passed|Image File:Amherstburg_UKN-500_Forts_1839-12-1840-01_OBS-F
1840	01	22	20	00	0	Cloudy, high wind from West	|	orig=Cloudy, high wind from West|Local time:1500|QC flag:Passed|Image File:Amherstburg_UKN-500_Forts_1839-12-1840-01_OBS-F
1840	01	23	14	00	0	[tough] wind	|	orig=[tough] wind|Local time:900|QC flag:Passed|Image File:Amherstburg_UKN-500_Forts_1839-12-1840-01_OBS-F
1840	01	23	20	00	0	Cloudy, high wind from West	|	orig=Cloudy, high wind from West|Local time:1500|QC flag:Passed|Image File:Amherstburg_UKN-500_Forts_1839-12-1840-01_OBS-F
1840	01	24	14	00	0	Cloudy	|	orig=Cloudy|Local time:900|QC flag:Passed|Image File:Amherstburg_UKN-500_Forts_1839-12-1840-01_OBS-F
1840	01	24	20	00	0	Cloudy	|	orig=Cloudy|Local time:1500|QC flag:Passed|Image File:Amherstburg_UKN-500_Forts_1839-12-1840-01_OBS-F
1840	01	25	20	00	0	Clear	|	orig=Clear|Local time:1500|QC flag:Passed|Image File:Amherstburg_UKN-500_Forts_1840-01-02_OBS-F
1840	01	27	14	00	0	Cloudy	|	orig=Cloudy|Local time:900|QC flag:Passed|Image File:Amherstburg_UKN-500_Forts_1840-01-02_OBS-F
1840	01	27	20	00	0	Snowing all night 	|	orig=Snowing all night |Local time:1500|QC flag:Passed|Image File:Amherstburg_UKN-500_Forts_1840-01-02_OBS-F
1840	01	28	14	00	0	Cloudy	|	orig=Cloudy|Local time:900|QC flag:Passed|Image File:Amherstburg_UKN-500_Forts_1840-01-02_OBS-F
1840	01	28	20	00	0	Cloudy & Rain	|	orig=Cloudy & Rain|Local time:1500|QC flag:Passed|Image File:Amherstburg_UKN-500_Forts_1840-01-02_OBS-F
1840	01	29	14	00	0	Cloudy	|	orig=Cloudy|Local time:900|QC flag:Passed|Image File:Amherstburg_UKN-500_Forts_1840-01-02_OBS-F
1840	01	29	20	00	0	High wind & rain	|	orig=High wind & rain|Local time:1500|QC flag:Passed|Image File:Amherstburg_UKN-500_Forts_1840-01-02_OBS-F
1840	01	30	14	00	0	Cloudy, high [illegible] 	|	orig=Cloudy, high [illegible] |Local time:900|QC flag:Illegible|Image File:Amherstburg_UKN-500_Forts_1840-01-02_OBS-F
1840	01	30	20	00	0	high wind all day for [illegible]	|	orig=high wind all day for [illegible]|Local time:1500|QC flag:Illegible|Image File:Amherstburg_UKN-500_Forts_1840-01-02_OBS-F
1840	01	31	14	00	0	Cloudy	|	orig=Cloudy|Local time:900|QC flag:Passed|Image File:Amherstburg_UKN-500_Forts_1840-01-02_OBS-F
1840	01	31	20	00	0	Cloudy & Wind	|	orig=Cloudy & Wind|Local time:1500|QC flag:Passed|Image File:Amherstburg_UKN-500_Forts_1840-01-02_OBS-F
1840	02	01	14	00	0	Clear	|	orig=Clear|Local time:900|QC flag:Passed|Image File:Amherstburg_UKN-500_Forts_1840-01-02_OBS-F
1840	02	01	20	00	0	Cloudy & Wind	|	orig=Cloudy & Wind|Local time:1500|QC flag:Passed|Image File:Amherstburg_UKN-500_Forts_1840-01-02_OBS-F
1840	02	02	14	00	0	Cloudy	|	orig=Cloudy|Local time:900|QC flag:Passed|Image File:Amherstburg_UKN-500_Forts_1840-01-02_OBS-F
1840	02	02	20	00	0	Cloudy & Wind	|	orig=Cloudy & Wind|Local time:1500|QC flag:Passed|Image File:Amherstburg_UKN-500_Forts_1840-01-02_OBS-F
1840	02	03	14	00	0	Cloudy	|	orig=Cloudy|Local time:900|QC flag:Passed|Image File:Amherstburg_UKN-500_Forts_1840-01-02_OBS-F
1840	02	03	20	00	0	Cloudy	|	orig=Cloudy|Local time:1500|QC flag:Passed|Image File:Amherstburg_UKN-500_Forts_1840-01-02_OBS-F
1840	02	04	20	00	0	Cloudy	|	orig=Cloudy|Local time:1500|QC flag:Passed|Image File:Amherstburg_UKN-500_Forts_1840-01-02_OBS-F
1840	02	05	14	00	0	Cloud, [illegible] wind	|	orig=Cloud, [illegible] wind|Local time:900|QC flag:Illegible|Image File:Amherstburg_UKN-500_Forts_1840-01-02_OBS-F
1840	02	05	20	00	0	Cloudy, South Wind	|	orig=Cloudy, South Wind|Local time:1500|QC flag:Passed|Image File:Amherstburg_UKN-500_Forts_1840-01-02_OBS-F
1840	02	06	14	00	0	Cloudy	|	orig=Cloudy|Local time:900|QC flag:Passed|Image File:Amherstburg_UKN-500_Forts_1840-01-02_OBS-F
1840	02	06	20	00	0	Cloudy & Windy	|	orig=Cloudy & Windy|Local time:1500|QC flag:Passed|Image File:Amherstburg_UKN-500_Forts_1840-01-02_OBS-F
1840	02	07	20	00	0	Cloudy & Windy	|	orig=Cloudy & Windy|Local time:1500|QC flag:Passed|Image File:Amherstburg_UKN-500_Forts_1840-01-02_OBS-F
1840	02	08	20	00	0	Clear, [not any] wind	|	orig=Clear, [not any] wind|Local time:1500|QC flag:Passed|Image File:Amherstburg_UKN-500_Forts_1840-01-02_OBS-F
1840	02	09	20	00	0	Raining	|	orig=Raining|Local time:1500|QC flag:Passed|Image File:Amherstburg_UKN-500_Forts_1840-01-02_OBS-F
1840	02	13	14	00	0	Cloudy	|	orig=Cloudy|Local time:900|QC flag:Passed|Image File:Amherstburg_UKN-500_Forts_1840-01-02_OBS-F
1840	02	13	20	00	0	Cloudy, 1 [in] [illegible]	|	orig=Cloudy, 1 [in] [illegible]|Local time:1500|QC flag:Illegible|Image File:Amherstburg_UKN-500_Forts_1840-01-02_OBS-F
1840	02	14	14	00	0	High wind very high	|	orig=High wind very high|Local time:900|QC flag:Passed|Image File:Amherstburg_UKN-500_Forts_1840-01-02_OBS-F
1840	02	15	14	00	0	[not windy]	|	orig=[not windy]|Local time:900|QC flag:Passed|Image File:Amherstburg_UKN-500_Forts_1840-01-02_OBS-F
1840	02	15	20	00	0	not windy	|	orig=not windy|Local time:1500|QC flag:Passed|Image File:Amherstburg_UKN-500_Forts_1840-01-02_OBS-F
1840	02	17	14	00	0	Cloudy	|	orig=Cloudy|Local time:900|QC flag:Passed|Image File:Amherstburg_UKN-500_Forts_1840-01-02_OBS-F
1840	02	17	20	00	0	Raining	|	orig=Raining|Local time:1500|QC flag:Passed|Image File:Amherstburg_UKN-500_Forts_1840-01-02_OBS-F
1840	02	19	20	00	0	South Wind & Clear	|	orig=South Wind & Clear|Local time:1500|QC flag:Passed|Image File:Amherstburg_UKN-500_Forts_1840-01-02_OBS-F
1840	02	20	14	00	0	Cloudy	|	orig=Cloudy|Local time:900|QC flag:Passed|Image File:Amherstburg_UKN-500_Forts_1840-01-02_OBS-F
1840	02	20	20	00	0	Cloudy	|	orig=Cloudy|Local time:1500|QC flag:Passed|Image File:Amherstburg_UKN-500_Forts_1840-01-02_OBS-F
1840	02	21	20	00	0	Clear	|	orig=Clear|Local time:1500|QC flag:Passed|Image File:Amherstburg_UKN-500_Forts_1840-01-02_OBS-F
1840	02	23	14	00	0	Cloudy	|	orig=Cloudy|Local time:900|QC flag:Passed|Image File:Amherstburg_UKN-500_Forts_1840-01-02_OBS-F
1840	02	23	20	00	0	Cloudy	|	orig=Cloudy|Local time:1500|QC flag:Passed|Image File:Amherstburg_UKN-500_Forts_1840-01-02_OBS-F
1840	02	24	14	00	0	Clear	|	orig=Clear|Local time:900|QC flag:Passed|Image File:Amherstburg_UKN-500_Forts_1840-01-02_OBS-F
1840	02	24	20	00	0	Clear [illegible]	|	orig=Clear [illegible]|Local time:1500|QC flag:Illegible|Image File:Amherstburg_UKN-500_Forts_1840-01-02_OBS-F
1840	02	25	14	00	0	Clear	|	orig=Clear|Local time:900|QC flag:Passed|Image File:Amherstburg_UKN-500_Forts_1840-01-02_OBS-F
1840	02	25	20	00	0	Cloudy	|	orig=Cloudy|Local time:1500|QC flag:Passed|Image File:Amherstburg_UKN-500_Forts_1840-01-02_OBS-F
1840	02	26	14	00	0	Clear	|	orig=Clear|Local time:900|QC flag:Passed|Image File:Amherstburg_UKN-500_Forts_1840-01-02_OBS-F
1840	02	26	20	00	0	Cloudy	|	orig=Cloudy|Local time:1500|QC flag:Passed|Image File:Amherstburg_UKN-500_Forts_1840-01-02_OBS-F
1840	02	27	14	00	0	Cloudy	|	orig=Cloudy|Local time:900|QC flag:Passed|Image File:Amherstburg_UKN-500_Forts_1840-01-02_OBS-F
1840	02	27	20	00	0	Clear 	|	orig=Clear |Local time:1500|QC flag:Passed|Image File:Amherstburg_UKN-500_Forts_1840-01-02_OBS-F
1840	02	28	14	00	0	Clear	|	orig=Clear|Local time:900|QC flag:Passed|Image File:Amherstburg_UKN-500_Forts_1840-01-02_OBS-F
1840	02	28	20	00	0	Clear, no wind	|	orig=Clear, no wind|Local time:1500|QC flag:Passed|Image File:Amherstburg_UKN-500_Forts_1840-01-02_OBS-F
1840	02	29	14	00	0	Cloud	|	orig=Cloud|Local time:900|QC flag:Passed|Image File:Amherstburg_UKN-500_Forts_1840-01-02_OBS-F
1840	02	29	20	00	0	Cloudy & lightning 	|	orig=Cloudy & lightning |Local time:1500|QC flag:Passed|Image File:Amherstburg_UKN-500_Forts_1840-01-02_OBS-F
1840	03	01	20	00	0	[illegible] Foggy	|	orig=[illegible] Foggy|Local time:1500|QC flag:Illegible|Image File:Amherstburg_UKN-500_Forts_1840-03-04_OBS-F.jpg
1840	03	03	14	00	0	Clear	|	orig=Clear|Local time:900|QC flag:Passed|Image File:Amherstburg_UKN-500_Forts_1840-03-04_OBS-F.jpg
1840	03	03	20	00	0	Clear- Fog [illegible]	|	orig=Clear- Fog [illegible]|Local time:1500|QC flag:Illegible|Image File:Amherstburg_UKN-500_Forts_1840-03-04_OBS-F.jpg
1840	03	04	14	00	0	Clear	|	orig=Clear|Local time:900|QC flag:Passed|Image File:Amherstburg_UKN-500_Forts_1840-03-04_OBS-F.jpg
1840	03	04	20	00	0	Clear	|	orig=Clear|Local time:1500|QC flag:Passed|Image File:Amherstburg_UKN-500_Forts_1840-03-04_OBS-F.jpg
1840	03	05	14	00	0	Clear	|	orig=Clear|Local time:900|QC flag:Passed|Image File:Amherstburg_UKN-500_Forts_1840-03-04_OBS-F.jpg
1840	03	05	20	00	0	Clear, not any wind	|	orig=Clear, not any wind|Local time:1500|QC flag:Passed|Image File:Amherstburg_UKN-500_Forts_1840-03-04_OBS-F.jpg
1840	03	06	14	00	0	Clear	|	orig=Clear|Local time:900|QC flag:Passed|Image File:Amherstburg_UKN-500_Forts_1840-03-04_OBS-F.jpg
1840	03	06	20	00	0	Clear, [little breeze[	|	orig=Clear, [little breeze[|Local time:1500|QC flag:Passed|Image File:Amherstburg_UKN-500_Forts_1840-03-04_OBS-F.jpg
1840	03	07	14	00	0	Clear	|	orig=Clear|Local time:900|QC flag:Passed|Image File:Amherstburg_UKN-500_Forts_1840-03-04_OBS-F.jpg
1840	03	07	20	00	0	Clear, not any wind	|	orig=Clear, not any wind|Local time:1500|QC flag:Passed|Image File:Amherstburg_UKN-500_Forts_1840-03-04_OBS-F.jpg
1840	03	08	14	00	0	Clear	|	orig=Clear|Local time:900|QC flag:Passed|Image File:Amherstburg_UKN-500_Forts_1840-03-04_OBS-F.jpg
1840	03	08	20	00	0	Clear,Clear	|	orig=Clear,Clear|Local time:1500|QC flag:Passed|Image File:Amherstburg_UKN-500_Forts_1840-03-04_OBS-F.jpg
1840	03	09	14	00	0	Clear	|	orig=Clear|Local time:900|QC flag:Passed|Image File:Amherstburg_UKN-500_Forts_1840-03-04_OBS-F.jpg
1840	03	09	20	00	0	Clear, high wind	|	orig=Clear, high wind|Local time:1500|QC flag:Passed|Image File:Amherstburg_UKN-500_Forts_1840-03-04_OBS-F.jpg
1840	03	10	14	00	0	Clear	|	orig=Clear|Local time:900|QC flag:Passed|Image File:Amherstburg_UKN-500_Forts_1840-03-04_OBS-F.jpg
1840	03	10	20	00	0	Clear, no wind	|	orig=Clear, no wind|Local time:1500|QC flag:Passed|Image File:Amherstburg_UKN-500_Forts_1840-03-04_OBS-F.jpg
1840	03	11	14	00	0	Clear	|	orig=Clear|Local time:900|QC flag:Passed|Image File:Amherstburg_UKN-500_Forts_1840-03-04_OBS-F.jpg
1840	03	11	20	00	0	Clear, no wind	|	orig=Clear, no wind|Local time:1500|QC flag:Passed|Image File:Amherstburg_UKN-500_Forts_1840-03-04_OBS-F.jpg
1840	03	12	20	00	0	Clear, no wind	|	orig=Clear, no wind|Local time:1500|QC flag:Passed|Image File:Amherstburg_UKN-500_Forts_1840-03-04_OBS-F.jpg
1840	03	13	20	00	0	Clear, no wind	|	orig=Clear, no wind|Local time:1500|QC flag:Passed|Image File:Amherstburg_UKN-500_Forts_1840-03-04_OBS-F.jpg
1840	03	14	14	00	0	Cloudy	|	orig=Cloudy|Local time:900|QC flag:Passed|Image File:Amherstburg_UKN-500_Forts_1840-03-04_OBS-F.jpg
1840	03	14	20	00	0	Cloudy, some snow	|	orig=Cloudy, some snow|Local time:1500|QC flag:Passed|Image File:Amherstburg_UKN-500_Forts_1840-03-04_OBS-F.jpg
1840	03	15	14	00	0	Cloudy	|	orig=Cloudy|Local time:900|QC flag:Passed|Image File:Amherstburg_UKN-500_Forts_1840-03-04_OBS-F.jpg
1840	03	15	20	00	0	cloudy	|	orig=cloudy|Local time:1500|QC flag:Passed|Image File:Amherstburg_UKN-500_Forts_1840-03-04_OBS-F.jpg
1840	03	16	20	00	0	cloudy	|	orig=cloudy|Local time:1500|QC flag:Passed|Image File:Amherstburg_UKN-500_Forts_1840-03-04_OBS-F.jpg
1840	03	17	14	00	0	Clear	|	orig=Clear|Local time:900|QC flag:Passed|Image File:Amherstburg_UKN-500_Forts_1840-03-04_OBS-F.jpg
1840	03	17	20	00	0	cloudy	|	orig=cloudy|Local time:1500|QC flag:Passed|Image File:Amherstburg_UKN-500_Forts_1840-03-04_OBS-F.jpg
1840	03	19	20	00	0	cloudy + lightning, [snowy]	|	orig=cloudy + lightning, [snowy]|Local time:1500|QC flag:Passed|Image File:Amherstburg_UKN-500_Forts_1840-03-04_OBS-F.jpg
1840	03	20	20	00	0	Clear, wind NW	|	orig=Clear, wind NW|Local time:1500|QC flag:Passed|Image File:Amherstburg_UKN-500_Forts_1840-03-04_OBS-F.jpg
1840	03	22	14	00	0	Clear	|	orig=Clear|Local time:900|QC flag:Passed|Image File:Amherstburg_UKN-500_Forts_1840-03-04_OBS-F.jpg
1840	03	22	20	00	0	Cloud	|	orig=Cloud|Local time:1500|QC flag:Passed|Image File:Amherstburg_UKN-500_Forts_1840-03-04_OBS-F.jpg
1840	03	23	14	00	0	Cloudy	|	orig=Cloudy|Local time:900|QC flag:Passed|Image File:Amherstburg_UKN-500_Forts_1840-03-04_OBS-F.jpg
1840	03	23	20	00	0	Raining	|	orig=Raining|Local time:1500|QC flag:Passed|Image File:Amherstburg_UKN-500_Forts_1840-03-04_OBS-F.jpg
1840	03	24	14	00	0	Snowy all day	|	orig=Snowy all day|Local time:900|QC flag:Passed|Image File:Amherstburg_UKN-500_Forts_1840-03-04_OBS-F.jpg
1840	03	24	20	00	0	Cloudy, snow 6inches, [fog]	|	orig=Cloudy, snow 6inches, [fog]|Local time:1500|QC flag:Passed|Image File:Amherstburg_UKN-500_Forts_1840-03-04_OBS-F.jpg
1840	03	25	14	00	0	Clear	|	orig=Clear|Local time:900|QC flag:Passed|Image File:Amherstburg_UKN-500_Forts_1840-03-04_OBS-F.jpg
1840	03	25	20	00	0	clear	|	orig=clear|Local time:1500|QC flag:Passed|Image File:Amherstburg_UKN-500_Forts_1840-03-04_OBS-F.jpg
1840	03	26	14	00	0	Clear	|	orig=Clear|Local time:900|QC flag:Passed|Image File:Amherstburg_UKN-500_Forts_1840-03-04_OBS-F.jpg
1840	03	26	20	00	0	cloudy	|	orig=cloudy|Local time:1500|QC flag:Passed|Image File:Amherstburg_UKN-500_Forts_1840-03-04_OBS-F.jpg
1840	03	27	14	00	0	Clear	|	orig=Clear|Local time:900|QC flag:Passed|Image File:Amherstburg_UKN-500_Forts_1840-03-04_OBS-F.jpg
1840	03	27	20	00	0	cloudy	|	orig=cloudy|Local time:1500|QC flag:Passed|Image File:Amherstburg_UKN-500_Forts_1840-03-04_OBS-F.jpg
1840	03	28	14	00	0	Cloudy + mist	|	orig=Cloudy + mist|Local time:900|QC flag:Passed|Image File:Amherstburg_UKN-500_Forts_1840-03-04_OBS-F.jpg
1840	03	28	20	00	0	cloudy + [illegible]	|	orig=cloudy + [illegible]|Local time:1500|QC flag:Illegible|Image File:Amherstburg_UKN-500_Forts_1840-03-04_OBS-F.jpg
1840	03	30	14	00	0	Clear	|	orig=Clear|Local time:900|QC flag:Passed|Image File:Amherstburg_UKN-500_Forts_1840-03-04_OBS-F.jpg
1840	03	30	20	00	0	Clear	|	orig=Clear|Local time:1500|QC flag:Passed|Image File:Amherstburg_UKN-500_Forts_1840-03-04_OBS-F.jpg
1840	03	31	14	00	0	Clear	|	orig=Clear|Local time:900|QC flag:Passed|Image File:Amherstburg_UKN-500_Forts_1840-03-04_OBS-F.jpg
1840	03	31	20	00	0	Clear	|	orig=Clear|Local time:1500|QC flag:Passed|Image File:Amherstburg_UKN-500_Forts_1840-03-04_OBS-F.jpg
1840	04	01	14	00	0	Clear	|	orig=Clear|Local time:900|QC flag:Passed|Image File:Amherstburg_UKN-500_Forts_1840-03-04_OBS-F.jpg
1840	04	01	20	00	0	Clear	|	orig=Clear|Local time:1500|QC flag:Passed|Image File:Amherstburg_UKN-500_Forts_1840-03-04_OBS-F.jpg
1840	04	02	20	00	0	Clear	|	orig=Clear|Local time:1500|QC flag:Passed|Image File:Amherstburg_UKN-500_Forts_1840-03-04_OBS-F.jpg
1840	04	04	14	00	0	Clear + windy (high)	|	orig=Clear + windy (high)|Local time:900|QC flag:Passed|Image File:Amherstburg_UKN-500_Forts_1840-04-05_OBS-F.jpg
1840	04	05	14	00	0	Cloudy	|	orig=Cloudy|Local time:900|QC flag:Passed|Image File:Amherstburg_UKN-500_Forts_1840-04-05_OBS-F.jpg
1840	04	05	20	00	0	Cloudy	|	orig=Cloudy|Local time:1500|QC flag:Passed|Image File:Amherstburg_UKN-500_Forts_1840-04-05_OBS-F.jpg
1840	04	06	20	00	0	Clear	|	orig=Clear|Local time:1500|QC flag:Passed|Image File:Amherstburg_UKN-500_Forts_1840-04-05_OBS-F.jpg
1840	04	07	14	00	0	Clear	|	orig=Clear|Local time:900|QC flag:Passed|Image File:Amherstburg_UKN-500_Forts_1840-04-05_OBS-F.jpg
1840	04	07	20	00	0	Clear, no wind	|	orig=Clear, no wind|Local time:1500|QC flag:Passed|Image File:Amherstburg_UKN-500_Forts_1840-04-05_OBS-F.jpg
1840	04	09	14	00	0	Clear	|	orig=Clear|Local time:900|QC flag:Passed|Image File:Amherstburg_UKN-500_Forts_1840-04-05_OBS-F.jpg
1840	04	09	20	00	0	Clear	|	orig=Clear|Local time:1500|QC flag:Passed|Image File:Amherstburg_UKN-500_Forts_1840-04-05_OBS-F.jpg
1840	04	10	14	00	0	Cloudy	|	orig=Cloudy|Local time:900|QC flag:Passed|Image File:Amherstburg_UKN-500_Forts_1840-04-05_OBS-F.jpg
1840	04	10	20	00	0	Cloudy, [Ruddock whetting]	|	orig=Cloudy, [Ruddock whetting]|Local time:1500|QC flag:Passed|Image File:Amherstburg_UKN-500_Forts_1840-04-05_OBS-F.jpg
1840	04	11	14	00	0	Cloudy	|	orig=Cloudy|Local time:900|QC flag:Passed|Image File:Amherstburg_UKN-500_Forts_1840-04-05_OBS-F.jpg
1840	04	11	20	00	0	Cloudy, [Ruddock whetting]	|	orig=Cloudy, [Ruddock whetting]|Local time:1500|QC flag:Passed|Image File:Amherstburg_UKN-500_Forts_1840-04-05_OBS-F.jpg
1840	04	12	20	00	0	Clear + windy	|	orig=Clear + windy|Local time:1500|QC flag:Passed|Image File:Amherstburg_UKN-500_Forts_1840-04-05_OBS-F.jpg
1840	04	24	20	00	0	Clear	|	orig=Clear|Local time:1500|QC flag:Passed|Image File:Amherstburg_UKN-500_Forts_1840-04-05_OBS-F.jpg
1840	04	25	14	00	0	[Recrey] [illegible]	|	orig=[Recrey] [illegible]|Local time:900|QC flag:Illegible|Image File:Amherstburg_UKN-500_Forts_1840-04-05_OBS-F.jpg
1840	04	25	20	00	0	[seven thunder storm + much wind]	|	orig=[seven thunder storm + much wind]|Local time:1500|QC flag:Passed|Image File:Amherstburg_UKN-500_Forts_1840-04-05_OBS-F.jpg
1840	04	27	14	00	0	Clear	|	orig=Clear|Local time:900|QC flag:Passed|Image File:Amherstburg_UKN-500_Forts_1840-04-05_OBS-F.jpg
1840	04	27	20	00	0	clear	|	orig=clear|Local time:1500|QC flag:Passed|Image File:Amherstburg_UKN-500_Forts_1840-04-05_OBS-F.jpg
1840	04	28	20	00	0	cloudy + raining	|	orig=cloudy + raining|Local time:1500|QC flag:Passed|Image File:Amherstburg_UKN-500_Forts_1840-04-05_OBS-F.jpg
1840	04	29	20	00	0	cloudy 	|	orig=cloudy |Local time:1500|QC flag:Passed|Image File:Amherstburg_UKN-500_Forts_1840-04-05_OBS-F.jpg
1840	04	30	14	00	0	Cloudy	|	orig=Cloudy|Local time:900|QC flag:Passed|Image File:Amherstburg_UKN-500_Forts_1840-04-05_OBS-F.jpg
1840	04	30	20	00	0	[illegible]	|	orig=[illegible]|Local time:1500|QC flag:Illegible|Image File:Amherstburg_UKN-500_Forts_1840-04-05_OBS-F.jpg
1840	05	01	14	00	0	Clear	|	orig=Clear|Local time:900|QC flag:Passed|Image File:Amherstburg_UKN-500_Forts_1840-04-05_OBS-F.jpg
1840	05	01	20	00	0	Clear	|	orig=Clear|Local time:1500|QC flag:Passed|Image File:Amherstburg_UKN-500_Forts_1840-04-05_OBS-F.jpg
1840	05	02	20	00	0	Clear	|	orig=Clear|Local time:1500|QC flag:Passed|Image File:Amherstburg_UKN-500_Forts_1840-04-05_OBS-F.jpg
1840	05	03	14	00	0	[illegible] rain	|	orig=[illegible] rain|Local time:900|QC flag:Illegible|Image File:Amherstburg_UKN-500_Forts_1840-04-05_OBS-F.jpg
1840	05	03	20	00	0	[illegible]	|	orig=[illegible]|Local time:1500|QC flag:Illegible|Image File:Amherstburg_UKN-500_Forts_1840-04-05_OBS-F.jpg
1840	05	04	20	00	0	Cloudy with wind	|	orig=Cloudy with wind|Local time:1500|QC flag:Passed|Image File:Amherstburg_UKN-500_Forts_1840-04-05_OBS-F.jpg
1840	05	05	14	00	0	Clear wind NW	|	orig=Clear wind NW|Local time:900|QC flag:Passed|Image File:Amherstburg_UKN-500_Forts_1840-04-05_OBS-F.jpg
1840	05	05	20	00	0	Clear calm	|	orig=Clear calm|Local time:1500|QC flag:Passed|Image File:Amherstburg_UKN-500_Forts_1840-04-05_OBS-F.jpg
1840	05	06	14	00	0	clear NW wind	|	orig=clear NW wind|Local time:900|QC flag:Passed|Image File:Amherstburg_UKN-500_Forts_1840-04-05_OBS-F.jpg
1840	05	07	14	00	0	Clear	|	orig=Clear|Local time:900|QC flag:Passed|Image File:Amherstburg_UKN-500_Forts_1840-04-05_OBS-F.jpg
1840	05	07	20	00	0	part cloud NW Wind	|	orig=part cloud NW Wind|Local time:1500|QC flag:Passed|Image File:Amherstburg_UKN-500_Forts_1840-04-05_OBS-F.jpg
1840	05	08	20	00	0	raining wind W [illegible] North	|	orig=raining wind W [illegible] North|Local time:1500|QC flag:Illegible|Image File:Amherstburg_UKN-500_Forts_1840-04-05_OBS-F.jpg
1840	05	09	14	00	0	[Raining]	|	orig=[Raining]|Local time:900|QC flag:Passed|Image File:Amherstburg_UKN-500_Forts_1840-04-05_OBS-F.jpg
1840	05	09	20	00	0	Raining calm	|	orig=Raining calm|Local time:1500|QC flag:Passed|Image File:Amherstburg_UKN-500_Forts_1840-04-05_OBS-F.jpg
1840	05	11	14	00	0	Clear WN [illegible]	|	orig=Clear WN [illegible]|Local time:900|QC flag:Illegible|Image File:Amherstburg_UKN-500_Forts_1840-04-05_OBS-F.jpg
1840	05	11	20	00	0	Clear w N. Wind	|	orig=Clear w N. Wind|Local time:1500|QC flag:Passed|Image File:Amherstburg_UKN-500_Forts_1840-04-05_OBS-F.jpg
1840	05	12	14	00	0	Clear	|	orig=Clear|Local time:900|QC flag:Passed|Image File:Amherstburg_UKN-500_Forts_1840-04-05_OBS-F.jpg
1840	05	12	20	00	0	Clear, calm	|	orig=Clear, calm|Local time:1500|QC flag:Passed|Image File:Amherstburg_UKN-500_Forts_1840-04-05_OBS-F.jpg
1840	05	13	20	00	0	Clear, calm	|	orig=Clear, calm|Local time:1500|QC flag:Passed|Image File:Amherstburg_UKN-500_Forts_1840-04-05_OBS-F.jpg
1840	05	14	14	00	0	Cloudy	|	orig=Cloudy|Local time:900|QC flag:Passed|Image File:Amherstburg_UKN-500_Forts_1840-04-05_OBS-F.jpg
1840	05	14	20	00	0	Clear, calm	|	orig=Clear, calm|Local time:1500|QC flag:Passed|Image File:Amherstburg_UKN-500_Forts_1840-04-05_OBS-F.jpg
1840	05	15	14	00	0	[illegible]	|	orig=[illegible]|Local time:900|QC flag:Illegible|Image File:Amherstburg_UKN-500_Forts_1840-04-05_OBS-F.jpg
1840	05	15	20	00	0	clear all evening	|	orig=clear all evening|Local time:1500|QC flag:Passed|Image File:Amherstburg_UKN-500_Forts_1840-04-05_OBS-F.jpg
1840	05	16	14	00	0	clear	|	orig=clear|Local time:900|QC flag:Passed|Image File:Amherstburg_UKN-500_Forts_1840-05-06_OBS-F
1840	05	16	20	00	0	clear	|	orig=clear|Local time:1500|QC flag:Passed|Image File:Amherstburg_UKN-500_Forts_1840-05-06_OBS-F
1840	05	17	14	00	0	clear	|	orig=clear|Local time:900|QC flag:Passed|Image File:Amherstburg_UKN-500_Forts_1840-05-06_OBS-F
1840	05	17	20	00	0	clear	|	orig=clear|Local time:1500|QC flag:Passed|Image File:Amherstburg_UKN-500_Forts_1840-05-06_OBS-F
